Address,Stake (Luna),Points
NQ02 3EUB DPNS LQNC 7E5J 5SAU G4F7 JJBX P1JM,50000000000,3750
NQ02 539T H628 CEYX HV5D J9QU QHT0 5E50 9MCK,209218764,2
NQ02 55GD RF4H FLNK J83U C49K JKG3 GUFY C73G,215063015950,12900
NQ02 D0QY H03Y F77U NYG1 E53U YS9R FGNK FLJM,20000000000,1200
NQ02 DTKS 7D0R UFPS Q8BA A4DL 64ME P0H8 J81U,170591838153,15345
NQ02 GBK2 LXY7 8MK5 7QG7 PJNG 8XNC M25T Q561,4365000000,387
NQ02 L0Q4 NBB4 EQA2 TEKS HHH5 AT56 106N 1071,2018388306,160
NQ02 L4MD 7UGJ 9J7J 55N5 2T9N X4V9 QFAA 19L7,66307474483,5304
NQ02 LCJK VBPN APMF UPPG 7PG8 7U87 VNXG 2JLE,21857184677,872
NQ02 LP44 9GK1 0XJ0 2ET8 VYE9 QN9X Q2QJ XN06,765269203653,30604
NQ02 RR0R 5DLT AXGN 2EX1 D9M1 47JD PL02 R02P,2588930017730,90000
NQ02 S2PC T754 8UCF KKDL 2U9S YH2K XKGP 43A7,100000000000,9000
NQ02 SX0L B728 RRDB XPXN 2TYF RGEF KX2N SLFC,2682743930,208
NQ02 TLGG HTEM 7REU BYSD 10D2 PNPB 515R U14Q,1000000000000,75000
NQ02 VAXS M9AM YR3R A4J4 DRNF 2Q9G 9G0J P7CC,383881505,27
NQ03 12E4 C5GC HD71 VAJ6 X12U 528J EXHB TCBC,400000000000,21000
NQ03 6CNR Y05F KQRN 48K9 BFFA GAXP TX0E 95GL,2118989526,82
NQ03 6F9T CM3Y FR6H CECE T7LH E7A5 AFDC N742,200550004588,15037.5
NQ03 6XLS LR57 VYGK X30B G70D TFSC LEBH 5NP6,3410022468,247.5
NQ03 9KQ8 S2GF HL3G SUPN 5UM0 1438 28HL CN50,108922600000,15100
NQ03 9SNE JBSS 690C BYBL 689D 1CE1 HLJS 75MF,10010506721,882
NQ03 FV45 JK9M HUBS L71B AA8F 667P DDRJ FX2N,10099797365,800
NQ03 H4J6 CJK2 231T FVC0 TVFK J1U8 B64M 3BQ2,7776171100000,40000
NQ03 L46U HG5D QTES NSF4 B18Y ADN1 EDSN 8ULS,6204700000,496
NQ03 PG9B HLCF 486X A5M6 D3UU QRKY A4AN VD91,25909420572,1036
NQ03 PQYV 9KSX EYC3 4YYC CEFY A76F X4V9 BUV4,122814800000,11052
NQ03 RBPX GKCH 9R9G CMCM J4XD M5T6 1RBF 0M2F,34179341398,2046
NQ03 RNGT PHU8 1BEB TPH1 UKG3 A29L S3V4 AGUM,14299998239,568
NQ03 TSXN 7GD0 6SV4 8DYG G50A BCAF U858 TPE9,1000000000,90
NQ03 UDY2 AXSG 7LFD 42JT XYN7 CKJM S61G 0D7K,38083439700,3420
NQ04 0TCS 3RVG 385U CCQ6 H348 PXNG 9M23 8LCY,38841702702,4247.5
NQ04 24L7 SYD7 SBHV TFMF 8MKL ANTN KJTL VV94,15813620178,948
NQ04 6AA6 Q197 X26S 0E4T D6CS 5R0T Y7S5 V23S,220862249003,19872
NQ04 71KB FA6V MS03 V9CA JR29 D7M8 AUTM ESDR,24939789582,249
NQ04 A5BT 1M8M C3VK 6JNA BU8R 5GUC 1UAG VHQ0,100012100000,9000
NQ04 AFY3 9M06 LNMH FGC8 FJY6 BDVN G2CP JTS1,10000000000,800
NQ04 F3P4 9TP6 D8L2 LJB2 RAHM VR0D VYBK X56E,9803130472,882
NQ04 H4ST 13XG DJ5K ULNS 4AXV P6L8 YH8Y JJRT,2550163025,150
NQ04 J28P L25A AUHX 90ET 57F5 RNQS XM3P QCXR,299999990074,11996
NQ04 KF13 1PTR 9QXM 4N5U MPCS J1BB 99KJ 1A04,1377115240,58
NQ04 MU81 U05M BUYC G704 6G7X Y2NH 6BHY 5XAV,66688800000,7992
NQ04 R03D 4H0B FM80 UR2J V9FX 4R10 JEJG B34C,8372700000,1162
NQ04 RJSD 00XB FXP4 V6K2 JQH0 YQXT YM9E 2UN7,3803382375,342
NQ04 YR8A VSBN C8CX DG49 RBN0 K93S YEK0 M46A,19000000,0
NQ05 00LY CL5E VXC5 A5H6 C9VA ATDJ 0FFL N8MC,34494460390,2064
NQ05 0U2X PRYB 0S19 41SN S0EE UAE2 YD28 B280,20000000000,800
NQ05 2HLY 2R03 7J4H LK31 UDYE 7DPX Y0LV BQM7,25154700000,1882.5
NQ05 C5HM 2SU8 VYM1 LFC3 QQA3 7YC7 0YC9 ARA1,360500000,24
NQ05 CSGG GDML 81F1 UR7V 2QD3 MYUD 7833 66LR,19783039230,1764
NQ05 FUTG C4AD SQ6M S76H S47S HHXK 9C6L PM26,70807360000,4248
NQ05 RXUV 140G 1S81 BPB3 A1LT VXUK 19RD VN1M,47007700000,3525
NQ06 2VD8 GUV2 6HXS VC7G L1U5 H97F H4R1 B6HN,120888018,0
NQ06 CXJB 5R73 AKYL C24D MC4A 6N6X 8PY8 NC32,5000000000,450
NQ06 GA2P AUY5 67G2 D59F UHVK 8Q7E 5F0R 27A2,584900000,20
NQ06 L2SG HFG3 F6C6 3DU9 9553 6A08 K5E4 5SPL,100010000000,4000
NQ06 QRU5 3AXM G7C0 ED7G CNEU JPD7 9D97 Y9PA,100027700000,7500
NQ06 SSN7 1C0M 5BR0 P3S9 LL2R CMKV 6HFQ 3SDY,165208200000,13216
NQ06 XQQH HDK7 AFXG HU4F 8JXH 6MSL 6LX8 A8U1,7552100000,477
NQ07 0B8J XMMF SC6Q EE5A B0JP 6SJJ 82JU 4RUU,326107863929,29349
NQ07 1EU8 PYB1 DGQF N6HG 1QFK ULD2 L7ME 0FJ6,12553306918,1125
NQ07 1F62 FS72 VY5B RG2L S1UU X167 948U YJQQ,267140393180,16026
NQ07 20XS HKJY MH2M E0H2 15PS JV7V U2MN UF5F,1563579280643,90000
NQ07 55RR FSY5 V2N2 F9BS P6KR XXEL 8HNG BEFP,12731349498,1116
NQ07 6JVT MS0D TYR8 DD5D VVNY A6BD 1DQD P0A6,102819696252,13364
NQ07 9TQB SG72 LX03 G9KM R2DF AVKH GYHV T4TN,2612504590,159
NQ07 CJ2F M0H0 V89D KPRY BPF5 YK70 U8XA KBLY,10000000000,900
NQ07 LBS1 G4NT J5EN DYEF Q3NQ UPCV KMMD G0JM,10100000000,757.5
NQ07 P8CF 0EF0 DDE3 RNE1 8PTC 7S4R GC3X 8YNS,451976962130,61962
NQ07 Y9HF 361R 0KT4 4CRH YCS3 TQVB 0J2M NLSY,953317934,108
NQ07 YCGX U1Q3 PKA0 BTM8 6RRX D8JK QL7E JYVA,20000000000,1800
NQ07 YXLA P4R0 SPDQ G7E0 34L3 AL6F 6PUY B6SH,99999999999,7492.5
NQ08 053V 9Y30 GF1K GXNL KGMU VVFG LFJJ JCQ1,999999000000,79992
NQ08 0BP4 1FQ6 6HC8 XTHA E6B8 TSTS 77PM 6U6D,5073300000,550
NQ08 2T19 X5HA TFY1 2UUY XLG1 BKP0 4CJ6 F00E,20045063825,1194
NQ08 69K6 QKHQ EHS6 CNTV UM0M HX66 CB27 EPU5,10100000000,909
NQ08 A3S9 2YF3 U555 PGPS 0EJX RXLY TEEH CXBR,51163974564,3066
NQ08 EANT VCJY 1PH7 1Y22 QPDT K6YB 0U6A HD4C,92535502158,10175
NQ08 GLT8 52M9 2JKV 7DS3 CLML 7GX8 37JM FHYL,377904303852,28342.5
NQ08 LCTG D15D EF1N XEGP CGU0 6X7V TQY1 3B58,545110000,47.5
NQ08 LP1D HYDX SXC4 86S1 4TEM 40KB 3DJV E3H7,1000000000000,90000
NQ08 MB9N EYYA GRVB FSPX LY55 X5J9 RCHJ SDTB,66123392406,5949
NQ08 P5E6 DCGC 2N9A KYAV GG31 EP5L EP01 LTTH,410355913999,36927
NQ08 PBHB J99H 593Q DJLG G0TQ XCHN 1DKJ SBM8,33653500000,2062.5
NQ08 QSRJ PE44 F5JC DGNF 2RCS F62B TKSA AJAH,1207085500000,90000
NQ08 SK4Y QATE V1PK K73P 3NU7 VHCR QEP3 DXD4,36222600000,2896
NQ08 TFEK YA5T CLMA CXBY CVEC US00 K3C0 DHRA,141928790398,5676
NQ09 06QV 3FA2 48TX CE4S ECMM G5PY B3X4 P2S0,36284627795,1444
NQ09 1V5M 2GCN PUEN M866 AAJ7 80BY PDA9 H864,13215400000,792
NQ09 3K0L 10UE 32V8 GSJA DXJV TJGS LA1M 1RV7,2907261957,112
NQ09 JC4H R4FQ 1UX9 YNPF CR9H NMXD YG4K SL5T,111409442626,8347.5
NQ09 KKUR 3N08 GEXS TD3C T7DV 5Y8X HJF6 QALX,3669221466,324
NQ09 KP6G VS6U 02LN 01RJ FFEY VUB0 DLNL R9XN,130300000,0
NQ09 MEYD 6CAN U8RN E1M7 28RF JVMX PX32 2TKL,282872217700,38374.5
NQ09 MNX3 5VRU 3JL3 TK1U ULRY 68S3 L1VK MRH5,103716357300,9333
NQ09 US62 XM15 S0CA UBC8 LV96 4515 2020 13UP,1000000000000,90000
NQ09 VS96 M3EU P9HX 5KC9 Y222 TVFD LNHJ UPLT,100000000000,9000
NQ09 X39V BJU0 CKS2 MACH LMYU 804S A70R JAX2,1087096355944,40000
NQ10 GD2H 0XA1 DDCQ L9UP UUHH P8NY H30S KM4S,10401900000,916
NQ10 L15Y JSMY FEMC XLVF LSK7 1XG1 KKJJ 66J7,999999000000,79992
NQ10 MCSX 21U6 4L00 X07G S8TY EJMQ 2DXH KDTP,1900300000,137
NQ10 NVTB MYXL J8CF 6F3M CGTP X6DV YNH4 K8QL,3153191580320,80000
NQ10 S64T 0J92 13QR LBXP X8LA 180C 5LHK 3ALC,32661765425,1304
NQ10 STGQ 5S67 T65G 18AT KPKG TC7G GVAJ 2KKU,23401556824,936
NQ10 TFCC 3MVY XT1S YC6S G4NU RQNK 7FV5 5MC5,12817088414,960
NQ11 03BM PY7E 9BX7 T7LA 0NHG P2NX LMFY G0BT,1000230000000,39992
NQ11 2DQH LRVB UD96 7T58 67SL BCSC K4E1 X5G4,1483424000,84
NQ11 3DN6 3QV2 5Q3L NKJ3 CA4H B5EK E9SJ MN29,39572900000,3555
NQ11 3LX7 AYPB F18F 7URA XTQR CT6F 17GS PG33,137927174313,12411
NQ11 5CV3 NE4S PX0N CF8V VN5X 1YFN ARU6 Q6NL,200010000000,18000
NQ11 8T4H GEH1 U8D6 RD29 XH5J R4S8 X5FG H548,509835425927,71372
NQ11 AYL0 4PUU 4J8B 8K12 707G 3CP1 LVGB 039G,12330269690,915
NQ11 BUD3 T23F JUVJ 3N5Y VVNK 8K9K 49BH NQL3,5030100000,700
NQ11 KGJA MGL4 5VQC YS8S MGAJ N01B 2DLU TNE6,100000000000,9000
NQ11 KSYV 6Y4D 42FE J2YA X8QX AKN4 6NB1 NCPQ,105059700,0
NQ11 Y9T6 F04N NSGP 8750 U935 HV3U J76L EARN,3878281528,475
NQ12 3NFL TUXP YJRK 9DT0 K3RJ 971D 8G7E L2DL,1646099494078,140000
NQ12 4ATT 4DVY XVUT VAJE TG6A HY0B 3B92 H7PE,330100000,22.5
NQ12 5BT7 9UHL L581 F0HB 29BE CKM3 ELKN RYDQ,703000000000,52725
NQ12 C636 YHCS R85F EH9X 28PV 7HSQ KEVS DK2E,307591200000,23062.5
NQ12 UC00 ADPH 6L9Q LLNP 8KLG G160 5QX1 1UT0,134241397876,11943
NQ13 5HN5 7HY8 LRF9 C38J YK0E HSGX KNM7 7JET,999999000000,59994
NQ13 7R9D U5TA 46B7 5L21 8YK8 U6V0 XADF YQLL,2815829469,336
NQ13 APKG 02T4 BH5V SHAN JE0F SYLV UCYQ Q2EM,259934800000,6497.5
NQ13 EGU2 LBMS 99AS 55K1 KSNC 7V0E EB5L T4YF,2487045629,216
NQ13 KYR0 L723 8G0V LMN0 KJ3Q YQPC 3ET2 1Y6C,336459200000,25362
NQ13 R7G3 0U43 FB74 2JL8 M4DB M0QM 9KFS LB6V,247910532,9
NQ13 RBGA X5JD PNEF 9U27 LQUJ Y06D MAQ1 VFK5,870893000000,71664
NQ13 UKS7 JSQB U8SA VVUR FFKX H8GF 28DJ V10M,300053300000,34398
NQ14 1P26 93DL N4BB 5JCV 7GJ9 D8NR ALCN S00V,726885817,28
NQ14 2294 3SE3 41MP 9TGR J0MB EMPF U3MN Q7AM,2180598424,189
NQ14 27HH LHTC 4V93 ARYE 4XAQ 6L8E YBHY HPK4,50000000000,3000
NQ14 2E6V MY9A QGHH 8K3K V6LX T7DQ UDQ9 V91M,50000000000,3750
NQ14 4DU3 JCTA RCRD 1S75 3BUD LRLU 6QLA T9U2,567821726,37.5
NQ14 B2FB 412B UJ6X YR2V 5341 6CNS 6SJP GSME,150313900000,16533
NQ14 BRLP S8FH KS8E US27 SR2Q 69FJ 0S9U 7EHF,7394700000,398
NQ14 DG8M AFJ2 9261 C8HR K7CV CUCR UDSQ 9RVH,7390100000,450
NQ14 F4KV TSCS JVFJ 0XH2 5GUJ EEXQ MY14 ESYY,198134815060,7924
NQ14 N0NS NTNG 9HY8 R613 GHUG TXAQ K88L T1N1,92214400000,7376
NQ14 NN91 MNC3 PKHS 2H69 XBCA 2T5J 0KGY 3JY6,362251516004,32598
NQ14 RTH9 BX8H NF4C 8UHF X6RJ 9S3S NALA UGHN,17941485446,1611
NQ14 SHBX DQC6 XPKP 03F4 EA0S JAVA YYPY F54D,103846168930,9342
NQ14 TMX4 5NXN 4ADB LFFH ASTA YYVJ DLG0 76Y0,180000000000,25200
NQ15 B3K6 52LR HCYA C473 FEPF S8VN FAJQ 6XKJ,51762228540,4653
NQ15 FCAQ LDAE Q0BK JTKB 7T28 T43C 6V1C 8EH0,20000000,0
NQ15 FHNR CJXU HVEL 59HE M6YL V0P4 AU4A 64L1,102053563955,9180
NQ15 FUXV Q9M0 L8AA JXGH 9R2Y V798 50AV 0S3B,150000000,12.5
NQ15 K4B1 K94U MFKS K7NP 2FHE VD4B D49F M4B8,3189708453,279
NQ15 KUFL 0LFJ AHKE KKGT 00PE C629 VVBE GVQY,2347153856,207
NQ15 LKUN HCHK 6N69 77XD J6GC JV2T BGS9 QLE6,100986038390,9081
NQ15 QDS8 P9TB BF1D 6RAY Y7M8 AHRG BKRV HEQP,6827382112716,90000
NQ15 TM54 9RD5 FPQP A679 99AD 87K6 MUK4 K5U9,2848285017,224
NQ16 1676 ALF8 6935 FL44 EBDP 2UA1 1Q5S 4CGR,3381531937,132
NQ16 1QNQ MQA8 R5YC JKP5 LGDK J25R YDNY NT9L,310053754,27
NQ16 3GUV 4EUE ULXF RD1N Q5BT 26YG 834H CPF2,1110443000,99
NQ16 4QV6 QGLA 9EEY RF57 C1FR 6BV5 Q3BP U0TK,131050400000,7854
NQ16 71PQ 3RKM 0GRK S3AT 8FA2 34R0 U5AR UMY6,1001796071299,90000
NQ16 8MJ7 HGTT 6UT1 6UC5 4CMD Q2FH P5P2 KRKP,1000000000000,90000
NQ16 AS5U BPTS PVCF LMHS HQR5 P94K H6EX N8BK,10468492519,780
NQ16 E4EC 6EAQ V4PY EC44 L4V0 J74E F7M4 T1KH,500184467248,45009
NQ16 MBBV K1TX ELCS RFB9 3ERE NCQ5 JQPR S66T,16974506946,1521
NQ16 T2FS U1L6 H2US S6R5 9PS8 3T6T 20AX S79S,1000000000000,90000
NQ16 VJ89 JSQP 9QFH QMTV H81S D76F RJL0 TS9E,284092181200,21300
NQ16 Y6A6 BLVD Q627 JN7H TL4E HC4F 89AJ 6DL5,8000098890669,90000
NQ17 2JUS EJK7 PE8M U18L 3AQF GB2F NE8B CHH2,2002888800000,40000
NQ17 BUXX 1464 E066 Q8MF 5YJ7 JY9C Q9Y6 HK7C,30000000000,2700
NQ17 DL8L M8FV KA8R B89V 1YEQ TSBB 42L4 CKC9,205136838502,18459
NQ17 G6JH AYTM BRFR PRPF 7R63 H5GP BGDH 24UM,1000000000000,90000
NQ17 H66B MBSA YHRD XF7H 2SGS 6PJY PHA3 H8EA,1281768087997,80000
NQ17 JGCT 76XJ ASRU D10E XN3L 2806 MA07 R2FD,34997500000,3141
NQ17 MUAT N6U9 C17U THC2 59GR VA57 JC4D F28P,169050927653,13520
NQ17 VERV F3MQ 283T NRSR FPJG 55BJ PMHC N8MD,744092422982,66960
NQ18 3G81 066U 0NNJ 5YLE RHXY U7PX GEEH AXJP,88213410392,2646
NQ18 8493 2V7L 47F1 ME8K LEUJ P76M 0VP8 QD5S,265651800000,15936
NQ18 BBL5 X82S 514Y 4KBS 15H0 K15T 9GY1 7ENB,529510066667,39712.5
NQ18 BUY8 XAER JEJ0 HPVL DMBA NTY0 PU9F D7NK,4627700000,414
NQ18 DVEM CYVT 68KH TNYU CH5Y EX7U H052 93MK,1019504781640,60000
NQ18 FT5N CQHJ 0CAJ YPTV M4MD AP3D GYGN LC7U,126163374000,9457.5
NQ18 LNM8 XDE8 CL00 7TU5 MHDA DPU0 BBV5 JHF8,91117440997,8199
NQ18 LSH5 QTD6 RGF8 E4J8 CY1L MK0F NE99 SANG,9527700000,855
NQ19 6FS8 Q8A1 G3RY CEB9 K03S 27LF 2V49 53S6,1000000000000,80000
NQ19 6Q02 M1UG CD2E M8PQ A0PL 3DL5 BN4J 0T29,10050000000,750
NQ19 7VUV AUUE F6UH CH6M 3BE7 2BMH D3YS 65CE,319327731300,23947.5
NQ19 9AUJ NDPA M8J4 1FKG S1B4 TNBA LV7K UV7J,2500000000,225
NQ19 BXV2 K8Q2 P5NR U7SV AY0C GRTQ 37F5 MASH,500000000000,45000
NQ19 HQDM Q2M3 993R NTTD FR4M QVUA AYH4 NSC2,9407312051,705
NQ19 LYQQ BL3N E4K6 AXCN CFB4 TDD4 LAN0 BYK1,117939110,8
NQ19 Q1VV US8S 04MG 7VFB QVC7 ATR5 Y3EL HPF3,53183002594,4779
NQ19 UFFX 0NTN 5TN7 RSSY NP2C 0JXF CURQ 92EC,1798585334,17
NQ20 2AKN 81KK BPD2 DJ4K P7MB C8QH MT5T NMN8,19963451706,1791
NQ20 367R EJY0 12F2 MLYN GV5N V6EU GQ5J JBQ4,1000000100000,90000
NQ20 4HNE 1BYB 7R7A UYRK BGB5 VFT3 4627 G0E3,35000000000,3150
NQ20 8HD6 4VVL 8QA5 09RY 0E66 VJ96 KPNF S3N4,150280722000,13518
NQ20 D3NH NT55 ARSH D4K5 GV93 KQNX F3KE X8AK,413888177113,37242
NQ20 FJ85 RG98 6EFN EBTN YGVN 02L5 LE08 2RBD,30911472036,2781
NQ20 T51N 5A7M 768V 3SE5 HVXC QYEB QBTT 690V,10000000000,900
NQ20 Y9UD JGYK 1N9B QDUD BA47 3VS5 TFSG R10T,6000001654,369
NQ21 1K6F PAU1 YPAU ETT4 FDMK P7B4 S1VK AVGT,1183100000,44
NQ21 5QCB 1LJJ 9CFS VEK9 6CED N894 S445 H1KH,3472956210,297
NQ21 6PP3 3YYG AH5B 9PF0 AENA U0L3 YKRL AVAE,40000000000,3600
NQ21 7RLX G9N7 3FS4 RVXA KRUX 8GQD R68D 76CQ,45010000000,2800
NQ21 GJ8A U6RC 0SRR XSJY YNL2 MRAL 5428 VF21,1000000000000,90000
NQ21 V0EU BTB0 SXKV JCKY HSX1 68UD 5L1G VXUD,13456814315,1206
NQ21 VVHY 9RFY 8XBB 755B HCDC X3BX SMD3 MJ8H,799254682,56
NQ21 X8M6 GQB5 LX26 3S18 YYP7 V2RK MNVX Q245,100000000000,9000
NQ22 270G HBSB XFBP 256H DBQ1 2RPA YDJD S232,150000000,12.5
NQ22 9L9Q RG8A G35C 50HR PM84 X4UC C5M1 KFCP,810218300000,32400
NQ22 DD0F L2SD XJDD G9MF XVVT CLMA AEBD BT3L,5565433878,495
NQ22 DPMB 50XJ 94MQ 4TKF QE19 B6EG 9Q5C AEHL,143285819954,12888
NQ22 EKC8 1THF 585R NB7G V7YB TS36 QLML 2QG1,28910000,0
NQ22 FML1 N2CH M6VP 03YP 2X38 2NRY N5P6 LX4X,7785352656,619
NQ22 J90L GJFT 8MB9 9BTU QTH0 610G KK2Q T3CN,10000000000,400
NQ22 JPQF LGEC JJS3 88F4 1BS5 YMRC QPJX XH51,1000000000000,90000
NQ22 KH96 R2NP C6CE T35U 9A90 BAD4 RH7A E9D5,80000000000,7200
NQ23 8NH8 95MJ GQFB DUXD 4KR1 B0DE BN7H 2PUR,5000000000,450
NQ23 BDPY 1HTY L198 XG3N QRYS 8A2X 7XEK 1D78,431019709,16
NQ23 C3G8 R9GU D485 AAUT H96Y BL6M VHRR B9JN,517913894748,46611
NQ23 DJHB 62E1 3K8X HHPR XKCU PJDD DNEQ KSLJ,200000100000,18000
NQ23 FUN5 UVTT YKFS 6DF8 PTVC S3GU RT61 VJR2,331986338440,19914
NQ23 GV75 0JPB 941R 1653 CVKN X1C1 GJ0A 8CLM,1049998580911,80000
NQ23 MG0J DQJ9 0S5M 2MFS HLRJ G1TA 7BN3 425N,513900590693,41112
NQ23 NNKJ 929U 7L79 GQN1 PA43 C9XU YU9D ESQ6,10002800000,900
NQ23 P2SB 9SDC 2VEQ R2T8 LQ59 T70U K61Y 1NTX,45202175443,4068
NQ23 P9YK 7PQ4 G8AA B50T 4957 UXX0 11L1 6Q4V,722055500000,64980
NQ23 QS2G 9SRF UC6G 06JC SKM8 APEG TL0U MR64,470397742,30
NQ23 SD8R 25BV A7J8 P1UA 3N9K FFSV NPHJ PVCP,11922809072,1626
NQ23 SLLS 3DRN 7DVT 26HX 7CTY V4QR GLQQ N3XL,26103027939,1950
NQ23 TL5C NX1G HCNE HP85 UJHR P1RQ VPM6 7VFX,952619542,35.5
NQ23 UMF4 Q81J L4J2 JHY6 18VR EA4B MFH9 D3KV,3288171382,153.5
NQ24 AHCM HGJA 43H4 AQK9 51QK 8SYS Q0S1 YPGQ,50000000000,4500
NQ24 DFQS 64RT XAF6 Q8SK VJHP DYRH JKE2 R9LH,197867507600,11868
NQ24 HVVL H0FV 9TXQ 3CL9 J5R4 VF20 R2XR LC48,5555500000,495
NQ24 J1PM UGFJ J8UN VBAD 801H VTQ7 5NY9 0YCQ,121272435970,10908
NQ24 JGGN MPGE R36B XQJG AV9J HXEN EU70 X7DX,999999000000,79992
NQ24 LY0G J0D1 D85M 3X55 0JHM L6LT G49K DP72,111111100000,4444
NQ24 M88V 57PV M3UX NREB RU8N Q9A7 60GF 3DMV,482935086,36
NQ24 QRLP YH05 08V2 9KS3 CFDE S23H 1PA9 USD4,999999000000,79992
NQ24 V4BF V2LS BKJC Y8GD SYK3 BER0 050D L3M1,872461644,100
NQ24 YER9 XDV8 MKQ7 UUGG 8PPT LCEE K2ND GEUQ,127477783965,11466
NQ25 07B4 VM3M GML0 B326 VJQB BX0Q MKKN GAXE,339526167200,30555
NQ25 180G BRQ3 001G LMBA DFRS 9R2X D8QN 74E3,12061821848,480
NQ25 1Q54 4JD7 KST0 SA7D HF6L A4JQ 2LB7 JXGN,160661834729,4824
NQ25 4L75 0LMH 3P7L 6CTK C5LN 7J2H X9PF R30K,10778504886,642
NQ25 AQ29 HFF1 JFBJ N75J 7KUH BXPD CV3U D2NT,70000000000,5600
NQ25 BHYQ C3NT ECBX DP3P ABEX 1KVM Y1SK NSD3,22134501058,1320
NQ25 G9GB NPF1 TME2 G5DS HCM8 HK54 0PUH PGNT,14678561032,1095
NQ25 GNC4 TDUU T6U6 C684 FM9G 03FY HYX5 DDQH,6021127834,540
NQ25 N17T GPKQ 7U4H FHMS PSAN H23U 4K1T CHVL,10300600000,618
NQ25 TEHY HJR5 6ALD 26GN YRGY VSVS P83L 0H9Q,37210017500,2232
NQ26 0G7Y UCCE CFB1 85SC PDDD 1XH6 2HQJ HPXQ,30625233,0
NQ26 2KUV FEMJ 5TQA VM5Y PL08 9JPK R0F7 M8H0,15000000000,1350
NQ26 747E 55L2 Y4UR S5D9 JASP QGYQ 9K3M QX53,325135145122,21132.5
NQ26 7U1H S907 FP30 6ALP 69DM JQS4 1CQH KS1T,68377171,0
NQ26 8B8X R9LF NA0R BYV0 PET7 2R1U EAJY B66K,400057400000,35991
NQ26 FH2R MR90 J1SD J3MK PALR JDBG HRL0 6GAY,12982925115,939
NQ26 MV2J JPXG Q5LH 34EB 9M2C P8X1 DHG0 8453,466663939894,41994
NQ26 SBGH QMJT MX93 JL6U Y87X SBBL 8475 KK43,12813600000,127
NQ26 SN5K M7LK PHM4 LAR6 HK1H B7DY ALG0 F72E,517397057903,46557
NQ26 T61M RU91 3FEB JB9M 0E3E 8C9N Q6MU 8GXM,1000000000000,90000
NQ27 0VF0 KJU4 TF1Y XK9H LEXQ BBX8 GQ61 TSP5,2191810000,157.5
NQ27 1SKE NQVB VAUX 188L UV8J 2GN9 7V85 92NB,208819500000,18792
NQ27 358T 55BG H0D9 4579 QY7S 08TR 7BX6 RP4M,70000000,0
NQ27 AAFN D9KS 67VN C5HX 5H7C Q3GT 32DM CHU7,22114985050,2431
NQ27 C749 BQEM MG11 LEAS F4VS AKLV Q9PL PN4Q,429999967010,38691
NQ27 DFM2 2A5E KXJH FV9G TH3M RNL0 JQXP 8CEV,209764962000,15727.5
NQ27 EY7A Q0CA GMTK PPC5 GJ5D M91Y UF91 V59H,111300000000,15568
NQ27 GDAH 7U33 7M0L PS3J SPUH JX49 JAK1 QPBH,192390000,13
NQ27 HLK2 VELT LJ1K M050 4Y3E CQUT M9U0 DGBG,10552604215,945
NQ27 J44L 17KY 33ME M03B 7VYP TVUS XJ65 61SL,1000000000000,90000
NQ27 J492 02C6 NE50 UNCB BTHH FVGR 4RJM 74Q1,1161641000000,90000
NQ27 LK4G Y1Q9 FSCJ 5R1C UVRK 1M38 AXGG LS67,213614261633,17080
NQ27 NCB1 3CYU 9P4L EM2V D7L2 28QE 36PA EXB1,19074247929,1710
NQ27 PHLG 7UFY V2JD UNUR EB9U AFCU KNN0 8G1Q,1860000000,108
NQ27 Q56C H9M6 9KYF 1D4M FAXG VS88 BCAJ HKQ2,476140704596,61893
NQ27 RPQ5 HHU5 H7RC TJR5 DG89 54NM XHPV G5YE,4862900000,360
NQ27 TFVB 63NL V8S6 F0P7 95F1 HFNA DFVB 22DN,3500000000,262.5
NQ28 188Y TVAJ H1E4 TT7R S4QG SK0R F4Q0 H0LB,1059571296210,69042.5
NQ28 34P4 BT6B TRMN YAEK GBQA M5U5 JG4F QQFB,506427303230,40512
NQ28 64R2 9APR Q6VM XY8X UE82 NNYB TVR4 RL5P,9382900000,697.5
NQ28 8FFU 8PDY DQAX JF05 RY0C XVM0 U41Y DHLM,465776338,16
NQ28 8S5E UD70 D2TK Q1SC VQBF S246 5HH1 2FYX,153599385227,11512.5
NQ28 9245 2AEY XSBT K8EP L05V 8QDK XSMQ 9462,651431200000,39084
NQ28 B5YC U23A GJHE 7G7C 0C2L TNPX 3NT6 YKP9,5949000000,472
NQ28 CGYR 064Q J12J 8V0C 3DUJ K1UA LH19 NFDU,1114429445,154
NQ28 GXP1 RQCK 4KB2 88BF 4G04 U4KD 1D5B 8KRV,15288700000,1368
NQ28 HJAY PDBF TVJM 7075 5L6R 8DV2 224G 776S,1269526653,136
NQ28 MNK4 NYN8 KEN4 MQQP UY7B GKRD 2TDC E5YL,121861434409,10962
NQ28 PHQD 5TB2 K2UF 5HMN HDRV MTML S0MS XEFY,100000000000,9000
NQ28 S4RD VGG3 AF3X 63XN 8R3X 90QU P766 Y014,628213972,48
NQ28 V0AP Y89M 4DLD DUB1 0MQD 0BXR Y78G T37L,999999000000,79992
NQ28 X4AE 7RTR 7J5M FJ6S S674 518G GFJB 7EYM,10839410000,972
NQ28 XRA8 306E 1TGY 15S2 35PE LKG3 UH7E FCY6,16917495199,1521
NQ29 B1S6 GDDY M6FJ V310 3V8M GGBE 8LYE 48QB,21294837573,1908
NQ29 DNFH 73CB L8V9 BERA CQUH YPY8 4S76 T7AU,1570342248,90
NQ29 FBQ5 J4PS P3E5 GCDD G645 8PCB XCTT U8T2,1000000000000,90000
NQ29 GE8F 6NTM 1AE3 7E52 S9XQ 8NFT QQ5K VEUX,1685046038876,140000
NQ29 JUBB U5LR HHB8 6DHQ PG6L B6YP Y7EJ HVMS,2045317261,80
NQ29 KEPS NF4C NXFJ 5MUC Y7LQ 4N2C 5JU3 A0P5,4031200000,320
NQ29 SC9E HU7C XXQP YM43 9GB8 607U JHJ7 GE3X,826180000000,114561.5
NQ29 X9HM 293G 6SFQ CJDS 083C GE2Y 0XAC 2XDV,58954876037,2388
NQ29 XYRS 7BXP YBSC V3HY QKKE UCR1 Q6G6 A2L8,1330447679,78
NQ29 YHEE 38AQ R8FJ K1MJ 4NMF 4TQA E62R 1RQR,65344600000,5877
NQ30 3KP4 DYSB SE90 YTEF XEV2 4A9A KDGU 7AA4,6338410369,472.5
NQ30 3U4J XBLP FSY1 J3BH KX9A E64V N8BL K952,250000000000,25000
NQ30 5GN1 BNH9 EXUQ J4CK 3B2Q FGX3 T8LR FUCL,998476109,47.5
NQ30 5V9A LR77 DUP0 XMDQ V97J QR1R QNKY RDBF,1415244571722,50968.5
NQ30 6SSL EV5T 5UTR KLMK G161 33S7 5HQL K6F3,52621609954,3156
NQ30 9LVK J5K3 V0R2 PYNR 99DL VG4L 3E1D 7T27,10000000000,1400
NQ30 9VVP 25JN 1744 7KDK 5HUL N35T 0SF2 B94V,100000700000,9000
NQ30 ALA8 HQK8 N8EY C92G PTN9 1BSQ XY57 9DJJ,258551500000,36190
NQ30 EQ4J K70L NKYP 5H55 XV87 P96S TVA1 6EUV,44785118895,4023
NQ30 FFQU A9N5 DPS9 3CXM H9L0 XLXA Q8VK 2Y73,225010954724,20250
NQ30 JERJ RP1X 00BG E6KC KCTY C99R 2XH6 9D12,427681599,36
NQ30 KT4U S1TU 4YS5 BM5M DECE 9368 T4C2 K2Y7,285941657941,24814.5
NQ30 LHVU 8YNS LSLP YEKN 6QV8 NY0S 67SY 6YFA,100000000000,9000
NQ30 NH37 XDGR T719 DR3K 6PSN UBEA L9P3 YR20,1245412768,96
NQ30 R8BL YDPG 6JXM 0G65 9F37 FCTT V358 503U,10024598279,550
NQ30 RCHS PD9R V0YJ QQHV 7FKU DEMU Q01N 2XPH,1319127128,104
NQ30 YKBJ 5JVP YX48 3AQF L4R1 QTPL 7ERK JR6N,500000000000,20000
NQ31 8Y9D 112R LUS2 2BLM YCC7 V379 C627 PED4,150000000000,11250
NQ31 EDPK 022Y TJGC QX0D 95C7 HGNN 1M2S 7HXG,474157147157,42669
NQ31 H4HB LJTH PMQ6 7V2G S6C6 BKCP YF71 A4MK,28418200802,2214
NQ31 J3QV B81H 9N96 6URC MSG2 MT4K TP1N 5HA5,2013328057,240
NQ31 TGGG VXP2 2AG6 FRF4 3ULQ S6P8 JE6U PRY0,87984093000,7911
NQ32 0UAE LJMK HJ9X 1T9S ASSF AANB Y2AD 40PP,32304040174110,30000
NQ32 4AKM MPVQ 61FF MRF1 LBVL 8963 6GAC 8GPM,34014577882,3060
NQ32 4KJ9 FNQN 3TSA E0F1 3U26 TASR EFGG RR3B,1010064417808,54320
NQ32 6K2Q DMUY 8UEQ SJMX C9FT 3K4X DPJK 0AVF,1214268189,108
NQ32 8VDT BJ8A U47R Q9MV 247Y 6JC1 PPPH 4YG8,5566800000,137.5
NQ32 983N JLKG B9AB EV14 DGSN VFXN 26RE DMQR,1711599999,127.5
NQ32 B809 533A K5B0 MQ0A 9G5K B6QY EC02 00TR,200000000000,18000
NQ32 CDNS MNA9 8X2E D9XY 161A FEV6 V4FF ESYK,378268570700,34038
NQ32 JQ8J 8E67 D3QY 5XHY 514D 421A 6D0B 2GDU,100000000,0
NQ32 LUCR F763 M2PE RCM1 UUHG MFKK EAPS 9BBL,14608964328165,90000
NQ32 QMP2 H2XF 6FCC 7VNS YVKJ AUG2 RAC1 S7Y3,49742839855,3727.5
NQ32 UGJ8 J90S UNHA H1MN V55B KT39 B371 816R,1000000000000,90000
NQ32 V2GU PH2U EKNJ 2801 R8LB MAXY YTGG SCG7,19251209699,1728
NQ32 VSYV PYTQ T4B7 DJKH KX8V 2NJS V4L1 67DT,787918267344,70911
NQ33 2V42 D22S FQNS TDH5 BTKG 6REK R6SL R0Y5,1614800000,37.5
NQ33 99D8 P699 6X12 7TU3 AKB6 EPNY DRTS 30V9,59227477438,5328
NQ33 CAYQ 3XQH PLMU VLKM D9E8 NM0J L90F L5DC,15515903801,1395
NQ33 K2XC VMQN Y8UR 4F0U KJQS CULN 1LS8 8D9D,11643815281,464
NQ33 KPLS BRQP DBVJ S7UD LVVE L6LM E8AC JYDC,100120000000,4009
NQ33 PNKG 114L UBLA Y9MM ED66 T1SV H7ND 7Y3S,100000000000,4000
NQ33 QY8Q BVSJ PTA0 HREN Y99U 8RRB TFF5 VCJC,200000000,12
NQ33 R6YJ 0CA9 1C9L 2T7G NJFQ TPT5 KKRV 7PEX,8268039851491,140000
NQ33 THJB BHQB Y0EG 4C2N CAR0 9V4U DS3E AQY0,30849052303,2772
NQ33 VAPS 89M0 YSAK KY8G 2YTP EAY1 KNBJ E7X0,33377836410,2497.5
NQ33 X4P2 281F NL13 0Y18 LHKQ MN72 2QUT N82J,163082157950,9780
NQ34 0EDX LRBT S2Y8 892N 4PHM 20C3 SYVA 2QVP,838942088103,75501
NQ34 1GSQ 4TS2 MEEG 1QQV S36P RQKY 20EN 0BB9,7004994966,280
NQ34 33GL B7VM RXKV JBBP 434T LE8U K6L4 18PS,1002608009999,90000
NQ34 BMS5 Y763 KAS1 QS6M 4KU4 RMDD HBEE MSN4,100019099724,9000
NQ34 BYFM N1AQ 2T9A KT3T XXNP J1YL 2HKD HV9N,200005000000,18000
NQ34 C326 626J NV40 8XCG XC88 5D29 FVYU S702,156569600000,14085
NQ34 HLQ3 SSFD PNQ3 QUFU C80U 4C3P AMRC 5049,5555500000,495
NQ34 HSQ1 N6SK FH9Y K2AY YL01 A008 NS67 7QQ2,20000000000,1600
NQ34 V04G S10G 6DHK JPNQ GG1R TE7Q CQRM TAFM,13259400000,1188
NQ34 VP6N N51F L7SP EDCH PSPJ G01X 5JM4 XA7C,100000000000,6000
NQ35 FTF6 T5XN KBCU NSMU RNV4 QBKA K4M6 B3X8,1000000000000,40000
NQ35 K7EB LHSN 6MDE J4YK 4RTQ MJYB JVP5 4GG4,14853900000,1332
NQ35 M14V VMFQ 22UJ THKH XTXT 7G6E 8V3B RYSS,30000000000,1200
NQ35 NNR5 MH6A 327E 9V0N 4JBH 26DC FTV6 V1PD,50663200000,3036
NQ35 NVE8 AAXH 6K6S M4A7 C61C 9TT6 FU00 J1K2,114109879359,4564
NQ35 THK1 4XQN YLQC 63RX FT5U BCTM N09F GLA7,14291200000,355
NQ35 TMA2 HP4S H4H3 VUJU JUKL AY9C HNAN 5VUB,51282369383,2048
NQ35 Y43B 2F21 HYH2 T4AB MGMN CBY2 BLD1 95SR,10091700000,800
NQ36 49KD E7NP DLA5 TDLN D2YB DUV4 BHMC MNQG,300000001714,27000
NQ36 9JDN KMU3 K2G8 TNJ3 0N63 BMHF UQ6Q MT3J,7000000000,525
NQ36 BDM8 N6AX V68R 09UB X2AR K8C0 JQDC 4DBA,150661902240,11295
NQ36 DET8 6HBY JUN8 HJE4 3C2G 34UH 4MGH ESTJ,42946646439,3852
NQ36 KC6Q 4UJC 637X 5463 1PQP VX3S DAJK J2US,20209094836,1818
NQ36 KV98 5P81 10FK DRBJ 46PP GSJY KDTS 80G2,3239551239246,90000
NQ36 Q7LE 88GJ 64JX XYDT YVL4 7F8X BXG2 PANM,117938600000,10611
NQ36 RCHG VYVL 8N4H FV1C 4DTQ QYHX YDX4 6SRC,9992000000,891
NQ36 UX3X 220Y 6UQX 57MU XUQ9 YQ2D UU77 T8PB,1223174605,82.5
NQ36 YVGR N6S0 6U2Y 9819 5GLR JRP1 XCT5 J48Y,1902500000,152
NQ37 23BP QR50 DXB3 JDQN 9VGD 3DQ3 9D5E C70X,11000000000,1540
NQ37 28T0 YJC2 R3NX 8Y62 XTBA 9JX2 FHGN 9FXF,4833285738,257
NQ37 2BBM U6NY S9HJ HSBX L4G4 BKHQ C140 YQ6U,111476000003,9912
NQ37 4XTC UXC1 9DXT PG9Y LVHC 2XTP M00G JS5R,4049500000,300
NQ37 8RQK JL6L TLUQ 5S7R 5D2R XV69 K5Q8 UN4M,24864708849,1984
NQ37 A8H0 7PMK LL83 QK9D RQL8 FV67 BF1U KXLD,40822324760,3060
NQ37 BFCA BEPQ DR72 DG75 JFDU NQKC PQ8J Y7J1,19042300000,760
NQ37 K4AE 3PB2 YL35 VN0H 1SG4 FG8P YK90 JCU0,1903600000,76
NQ37 L011 MLKG X4LK PPCC Y84K A539 58CG FL0D,11730028991,351
NQ37 LA6T A2BQ H59Q N2BK MDQM 70YB ANPE 9TCM,56537066142,5085
NQ37 ND1R 7LLV 86MJ MATB 58DH U8AP RPDV YBE4,3485667748,306
NQ37 PB71 7F49 7KM6 DBGB S62K JM2L JV6F 53KL,127372253,0
NQ37 PXUH RG79 0ANE QA0G 7X05 XSRJ 7US1 1FF4,3829007738,285
NQ37 TLQ8 0BE9 PU27 JAM3 ULPX A4U6 K2SR 7PYB,17169747619,1881
NQ38 0J97 S9UC HANU XXYS 006E 8CQQ 562N EN7Q,2079768768,120
NQ38 0K2V 8DBE HSC3 GFB4 12PY E03L R1QY 06P5,1000000000,75
NQ38 AU4H YEPN XCHL PBYD PF4C EYMC C92H RHEJ,603201774,1
NQ38 DTUA BGC7 F4AD JFVM Q7PV TS4E 85AX 0JHS,3125757160,279
NQ38 FUYH K8JJ PK8H 93L8 GTGV XPA8 SQK9 QLRA,724061818559,43434
NQ38 H7C8 GYK3 QN8Y QYGP EHFB EJ9U SCVP RFM9,26438800000,2376
NQ38 MS5A STFA 4GPC VHJD 8HL3 SQV5 Q4Q7 8YK0,102099832772,6120
NQ38 PJXH NKEN 7Q4Q 7K0A 19U2 QQ82 72HM 5M3T,41828074456,3753
NQ38 SDPG REC3 USTA LLCT 87GQ TCUY FH5L 6PCQ,90990380504,8181
NQ38 SSRJ CATK 3X08 3N6L H9T7 V3PJ 6V8R SYL5,509395634550,45837
NQ38 YPXQ 0UX4 J60C 7Q54 SA1S D6QG PU9M DUPA,11215320390,888
NQ38 YQCK EXK5 7HQT QXQE YU1A XDMD VL8N 44K5,88900000000,7983
NQ39 A6E6 GG7D JYHG F9EH UJQY RUCV MUS3 CP53,152546754797,13725
NQ39 DFR7 UPJU MT8B 4QK0 M333 HAHU 4DE2 HGP3,100000500000,9000
NQ39 KG92 LDXS 0807 UJQM R39H FMJP XCSC GBHB,375900000000,52598
NQ39 LY1L 1X40 J9VV 3T8F KJHU 3ECE RMM4 GFKC,2179599820,84
NQ39 MG54 KN5V AC67 KVB8 316J GB5S TD41 9BFJ,1282234334220,90000
NQ39 SEGP TVQQ UJLB EEJN 4PPM CCN6 AC0X 6NTH,394542588,22.5
NQ39 VDB1 JNBE 5VYG 8X99 66CL V9B4 FG8H XXA6,800000000,100
NQ39 X2UV 3DA7 0NEX GUSC LSS5 RHR7 T3VK 6XB6,5672700000,336
NQ39 XD2F VTNY JB13 US94 P8RJ E39K 0U9X 6P3B,10000000,0
NQ39 XV69 5JMN KKRA J8XL UAE7 2TQP B2Y6 14XR,1674100000,144
NQ40 5M7V A3GA 4E0L D4FK FQD4 TY7L U8Q8 87TC,70980496398,6381
NQ40 7P1X 9AX2 KHJ5 XN2B 8GUA B6TS 6RFV S4RN,10472723697,936
NQ40 BR7G 6MAG 85RP 97FP 00KV JMQ0 F4TG 7EGJ,361707575954,28679
NQ40 CEB5 9JYG G5HP B6SG 00CN 7NFG R10U 4E9J,1000000000000,90000
NQ40 FC4D HAT6 9N1H P52H P4FX QL8P CE6Y 10VT,50129445365,3128.5
NQ40 PMKL JMCV JUCN 5709 GBXV 0440 RXT1 9YFM,30871060286,2464
NQ40 S3EL 356F 0CT2 T5KJ 78MA SX7H 2J5F ULMK,10006620263,750
NQ40 S522 CCAT PXJ9 MHAR J9F5 QP6H KVSE TKE1,500999400000,20036
NQ40 T8LG 447E FEAM GX6Y YR55 F00M RDEM 1V7L,35275013940,4224
NQ41 045S 5QTE BVQ6 D5MH FNS3 27MV UF5U 11Y3,19879510000,1477.5
NQ41 06KP DX2L V25J 9B0P 0CPM 7QU2 AMVY 2JTX,105440072000,9486
NQ41 4QTF EY61 HEYC TMRB A22J KX3M VE5L DRB7,208919600000,18792
NQ41 5JU7 VV68 MQFB NRNY S9FC X4TS RL8A BYF7,69131221175,6219
NQ41 7LN6 JP2K M4PL LJ49 3FX5 UGJ2 S1U5 UFGN,1000000000,90
NQ41 7MM0 8TCR 44QJ FMLJ 6XXC 0CEF Q835 LEMP,49931581822,3742.5
NQ41 B42S H100 NX23 A1NS 72CC V7JY FHNT CFB8,99000000000,8910
NQ41 C4NV 813Y 1EEC 49UJ V7C7 P7GU 5X6B T8BT,27000000000,1076
NQ41 PSQC 8DD5 T8FT GP4E 1TN5 RT2J 8FNP NETN,38020000000,2020
NQ41 RLUN HMRV CRQJ 172D SHP9 EUGM C07R HTQN,5555500000,495
NQ41 SJPS STUJ KKX2 VUSJ NNA5 961P VAKJ B8VU,850000000000,119000
NQ41 VX20 TQB8 988M CRF3 NKGR S5FL F0B6 MS5C,11521777358,1035
NQ42 3FNX 5Y7F KVLM 70LR 3Q0V 99PR 0AYJ 0HYA,1000000000000,80000
NQ42 5E0N 0MAY XBY9 XPHA 4J92 3KNL TTY7 6NTJ,20000000000,1800
NQ42 5JKT 0G50 TC8Q XRAC 24FK NB2N 9SC6 UVFV,1000000000,60
NQ42 73KN V9HE 7C4X 7NQ3 8QTC LTBB MFKS 4DP4,46968924970,2814
NQ42 M5A7 T2XH CCAA 89SH P70E A3VU P0RK B73F,36909268533,3321
NQ42 SHJP B048 UN3G LN2Q C50M MXJ4 NMYE N8B3,39879728177,1592
NQ42 TTBG AA3A 3UN5 RKBH RP6L 1LCF G8TU ALXH,11442100000,855
NQ42 U6RG XDV3 SJRA LS61 3S2T NKY3 YDYB LEQQ,21796450146,1736
NQ43 1VV7 HXQG XLN5 VPJR URNX 3350 MUQF 5Q4N,18428900000,1472
NQ43 6BFS 0VK1 LRV0 DBSD ACG2 T26V JDR6 473N,24798808729,1482
NQ43 6GQV GE9B U9KR 53LB LNLN 32UB RN9E XNX2,800000014168,111836
NQ43 9PKM P19L G9C1 XHXG DK15 SG6P C3LD D4U0,53112829335,4779
NQ43 CMAK HFXM FFR8 V8RT D1FU JM10 ENQN SY75,1420100000,169
NQ43 GLJU 4FS7 K6YN J82B 6NCM PKU2 5TVF UQLU,13863600000,1242
NQ43 KLJB Q7FD CMNC 83HG 0TPE ESNK T0TT UN6M,1000000000000,80000
NQ43 NL2U U6A6 HE79 E8LR R9M2 21P2 G1UN D4HN,150000000000,12000
NQ43 P177 UVGL A5T5 0JSK JPR5 9MRN NLEV 4YX3,9500000000,855
NQ43 RQEE UYLU 7S7K RY6V 6F1D 08FS FBNE L9RV,10640373443,636
NQ43 SNHE LDQY EFNU 95L8 362K YCP6 H6N3 2BS8,10000000000,1100
NQ44 0PUG HGYJ VXV4 PHCJ 0XN8 LQKX ETPR VYQE,1000000000,90
NQ44 22HL 1AH9 J95X Q0X5 X8B4 7Y1X L722 XVX7,23909384420,2151
NQ44 6S2V NT44 995A BC79 98UC MYF9 96RH V0VH,10000000000,900
NQ44 9TTF CXMA 73FG V7UY PPV2 GAFN 6K1K 1J37,5016545992,600
NQ44 BYMX YD9J B0Q7 RT8F K4F2 HVNR GH92 820M,1000000000000,80000
NQ44 EXD3 HTHL BFSP D20F DDPE EUG4 HAAU D3V0,8362914607,320
NQ44 JCBJ RKPH LHQE LHY9 5YV6 TVQG XLY4 K55F,489900100000,68586
NQ44 JTPM EERE TAQJ UHSD H92M T57B UA8M TK4M,2090677205,80
NQ44 JY20 BM09 0AUN XYCB YPR6 76MX JH8E KKL6,100100000,14
NQ44 Y8E9 2066 8EML QREM B3DE G0PJ MY46 5QCY,22056879504,1980
NQ45 3QKR HJKX VAUK TA9J FCRM F0LV 7QBM 4PJA,221430818011,19917
NQ45 863E A6LS XJDT MYJE 8GT6 6AP6 VM6U E4UY,803383662160,60247.5
NQ45 8U45 AXUB D1Q5 0J0M 8DX3 0MBJ G0EQ YPH6,18279253811,1638
NQ45 B4R7 5YGQ 290R 0V29 1YMU LCTL LKD2 ER9H,20000122959,2800
NQ45 BFSL NCXP 023U 8GGF QFFJ CQTL EHPQ HQMC,15278850373,912
NQ45 CYST DX4E ER49 K76N U3VG 0Y1M PAHX R7S7,300100000000,27009
NQ45 D9YR PD27 GRRY KCPA JSC4 CPP7 0876 V9R5,101627051002,9144
NQ45 E4MD JTL9 V09Y 08FU BV32 87FM KJHE MMB6,50000000000,3750
NQ45 FJQ5 NA8E 5YGG VM8K SC0L GDVJ TUBH SJKF,64713894491,2588
NQ45 HUC7 MGG7 B9BQ JF8D 7TU8 FKJ5 18PH X3K3,15100060492,1359
NQ45 N5E9 7U6H VUT6 NGGC PXHN BRXA F86H JK4G,89212809586,8028
NQ45 N7G8 K3VJ TKLH MH60 3Q6D RY45 NP50 UC6Q,636829134929,47760
NQ45 QAPP P48T 95G6 7QH9 PKRR ADEN BQ34 6J7L,1000000000,75
NQ45 STMN LLL1 T6N2 AUSD HLLE 1VAX TB6D XAQE,22442807778,1680
NQ45 XKXT FP5H 6KVD VNSX PSHG ELLC XK2D FE80,775400000,63
NQ46 62G5 6M0R 9QFY AXTT EDMX 9QCH 0S28 C05V,16848999997,1512
NQ46 EMNJ 2489 AKRL V5KT B4CU SMRR 8LB4 QPM2,105444971780,7905
NQ46 GXPR MT9X MND2 L9KA 96K7 PJ8L BDPT CK9A,150000000000,13500
NQ46 JX1F KCGB MB9Q HQST PX3L P2RU 12M7 VGG1,10000000000,1400
NQ46 MLHA E7SU UEDS 340R DFLX HV8H 4CEL TMRM,289700000,8
NQ46 NR95 XUK9 7FGD G8T8 E9PT MUAX C4B8 M5DC,10000000,0
NQ46 Q3RH 4M70 27S3 LJNB 3RUG DKMP 36NA 0UP8,10649112819,954
NQ46 RC4S U56Y X7M1 5P2E XAP2 YU03 R832 B948,1739528624,121
NQ46 SA43 UKY7 AVMN 8964 167C RDRG 9BLB N0YF,69593800000,6255
NQ46 UKX5 BF3S 9RM8 31KA 1HQC SRRG JP5E DXSE,18169800000,1357.5
NQ46 YE5E TKL2 HK11 AGMV Y6LC LA5Y SMUV TVR1,53383839001,4797
NQ47 412U 0CDK 83L6 PUK1 VQTF NAER P1P9 SG6J,47263835742,4248
NQ47 95PX KMNN UET4 QUQK EVTS B6MB 5EEM EK47,844997026197,76041
NQ47 H3TN NNNM B5BS 925V 7G0B 9E6C VAUV XDRU,474800910,36
NQ47 LALX 77DU EYPT 3HHK FRLD 9441 PDG0 R3MP,10000000000,800
NQ47 U28T 45N4 7F9R F8E4 PDMF UT6L 3PGX 7MJT,100000000000,9000
NQ47 V3M7 VAE0 F8XS U7TD XN4D XBYJ Q187 SVBR,142984525859,12861
NQ48 866U AYPR UH3V DPV2 U2V0 GFB5 A5QL GCBS,140000000000,12600
NQ48 A9F0 KAMM QBES EXP0 T8D6 04U7 J4GJ JJVP,14505448140,596.5
NQ48 BGXK F06S KCEY GX0L 28S2 412K BKH9 2BK2,216100000,18
NQ48 FF8G UUUB BRYE QQG7 NQ2D 9HRV 5P9X V7CT,100485000000,6024
NQ48 HJV8 6HP6 7HLN LN8D NM53 6Y54 JCLU CSF5,1130000000,99
NQ48 JU4E 2LL4 3N4R PPLY 4NYR CH0Y F793 R8J1,15500000000,900
NQ48 KNNT F9FN 2LU3 71TL 4Y7N K8R4 NUUY 0AC4,200000000,16
NQ48 LQ93 P0FT N8SL HDV7 EQ98 0J3K 1ALU E94D,42508133338,3825
NQ48 NB3U KC1B G8EJ U95T 55Q4 3JVN JJMH 5046,100200000,14
NQ49 1R7L 1MXB 8PKH P04X 7J5S H8UY 4J5H 3HRD,102787918008,9241.5
NQ49 23Y2 G9MF SCHY YK5S 9339 XA1B G5JJ BSA3,67112993097,6039
NQ49 5DFS B4LH 0TTL BUT4 TBVR E7C2 DL3R 7L4D,15773900000,1048.5
NQ49 9XBD YLQ3 GUAD LDY1 0J16 6NX4 UD70 9L6T,400277166000,36018
NQ49 C4J8 JSTM XD46 PH1E 1M1J TNSU JNJK FJPE,199726608459,17362
NQ49 J68Y QY9K Q6X3 5PG8 PCAJ J99L U0XQ U0XK,171615931223,15444
NQ49 JMR4 A1Y7 PT9U 3CBV 57DU LA60 SRX6 4FCQ,23916810000,2151
NQ49 JRHY BX4X G77N E4N8 U0MA TPTE EH67 HAT5,10130100000,909
NQ49 KVBR T0PX UJ4A NY8Q P5SF G7AS RTJU HEPK,180590627738,15250.5
NQ49 N6M0 D26R M77P ERX7 188N 2RB9 23GP 6YMG,70000000000,5600
NQ49 PPJF 97LF 5QD5 3834 AYEX TC13 CAK2 BU4K,123274840119,11088
NQ49 QC96 3BSJ N9L1 MQ9S PBV7 N47T Q2Q0 1AR3,17368724909,1297.5
NQ49 R9QC EG1L EB9H H26S VSFF ASEJ K2X3 VQ5U,20000000000,1600
NQ50 0XFL LCXA 7Y4K 0YM5 JMU3 RAT5 PMKV UKUH,4421234854,396
NQ50 20L1 DBLA 8SFF QJQ0 1MMN 6L6Y DNE0 G7FB,500000000,37.5
NQ50 6CU4 VT05 XJ54 HCVS K745 A84G 78DR AUTM,68980000000,6201
NQ50 811P TTL6 EA89 503V PCK4 CPUR 9G22 9016,222053253,9
NQ50 8H0P AQBS AJVF Q2PN HLY2 P9SV P27H 3HSV,44601287909,4014
NQ50 9XTT BBEP 356F 0JAV 5AGE VBPG XQRP 2QHN,100280738000,9018
NQ50 DK89 7GHA 2V4Q DXAV EKX7 K6SV A34K 8TAM,257153542304,10284
NQ50 G3DB XK74 VPJR 4Q2E K6D7 AYYL RM3Q JQHH,738666998,52.5
NQ50 JGA1 7FLT 4039 XVFE CLM4 NMU8 APK3 MBK9,10603692219154,90000
NQ50 LF30 HHQG N0EL 1AP2 4UQU 93YH CAUV T1UG,44383260939,3544
NQ50 MPC3 77PA XHL3 F4UB C45K 5DEN XFM2 F483,101626514896,9144
NQ50 R72Y KYYV M4U4 4B4U NYNH 1V1M 3HQ1 3LTB,156840326463,16114
NQ50 V1HH TBCK MGD5 D6MC N32R JS5E 97BQ XMP3,38313400000,1528
NQ50 V7LU V6BM 6MUM TG5A KY6E N180 3QRU RAG5,19315729151,1737
NQ50 Y22K FMTG CXBB B118 K9KU 1LR5 PNHE L7GE,31300861952,2096.5
NQ51 0RG9 7G18 S80X UG3K HT1P AGR8 0MHQ E5JY,202086910000,15142.5
NQ51 D98X FMFG 26D1 RXHX 5F25 VY70 C7YP DXCU,3475500000,204
NQ51 E409 2EU0 H548 TCNX TLCJ MP5D 21J7 S6TR,3067399862,180
NQ51 EABU DL6Y S1SB SNT0 8TXB D8J9 FVHA F78E,1014230660,40
NQ51 KGXF 6VH8 QPX7 3MES YHA4 JUEG DGE7 P70D,983844353,81
NQ51 PSTX F595 6TPN SSL1 9DVV SN3C M97N T86X,1018300000,60
NQ51 R4DP 9E92 NV84 M3VC 2CBV 4YQF 0ULY N1N7,10000000000,800
NQ51 S27C C53M UGEP 9RE9 UNA1 9BEK EK27 QERT,125000000000,17500
NQ51 T7XQ BTKK 5AUK SCAN 7MPT SPC2 L39E T48A,1000000000000,90000
NQ51 UEN0 40PF KCQ6 1BL6 0N1L T3P9 HRXL C17D,7015900000,280
NQ51 UUT9 JK53 8L4X VGQS S83P T1BT 1THU KKY7,13474559977,740
NQ51 VKX2 BA7Q N2D3 J4LJ QNRH PTRP KSNR 40TS,150000000000,13500
NQ51 Y6YU PP9L 75M0 R8FS SBSA 2P16 9HKY D4R6,650000000,54
NQ52 37HJ 1V7V XKEK 1YUD KDCQ 9A74 D339 XUKL,60871161534,5472
NQ52 3FU2 SV4F S3LQ R92N 2J01 1FV2 GSVX S69L,10970754789,981
NQ52 4F9H H69E 66ST PPNP T6RR NEGJ LE4C PY3G,18828144964,1602
NQ52 4K2P KKJE UD4S NTA7 7XV0 LM3S PQBY Y087,79823500000,5985
NQ52 DL9T RUB4 3695 RG6N C45G 4T74 V46G XECU,100000000,0
NQ52 EXPS PMRN 1C32 6VNB H2ES T1UM JUDB BAXC,2000000000,120
NQ52 JKSD XEF7 4BET BLHM NG9T JR05 U0FA 1KC2,25973700000,3626
NQ52 KVCY S6H2 KFTN EDKE HRK5 9RC1 X780 V80X,33959396000,2542.5
NQ52 P5JM 7T15 VFSV 9G8S UEA1 7CRA JVAH U69F,100362017661,11064
NQ52 PA43 G4NL Q52N LMM5 159Y 8UHU JFYF 90A9,853282108850,63990
NQ52 S0L2 4863 GM2Q R8PK 7JCE MVHN 29DK C0QE,21311421600,1484
NQ52 TNF0 X42C 4XSA QF8X UF92 SP6H E9V0 42X3,33900000000,3051
NQ52 VXG8 MX3D C88U LXLU R3QX KJ6E L9Q1 1FCQ,97115072120,3884
NQ52 XQHV 4CMN F0EV QQHX XYPB RFJC YKS0 F7TH,679292226,54
NQ53 1E3G FRD3 PVFK QCBX DM4S AQSD 2G4Y S1LM,8833220000,352
NQ53 6GFF AAC9 UDPU JHVF MLTB JNCH 3KP8 3MCT,500045069138,20000
NQ53 AAUG C690 4C67 6Q0J 4N0B K81F B7FT QUF0,146622431520,20297.5
NQ53 BNFT 0HP2 UXPP XD30 YU3F KFRN DNJ1 9URM,53040131281,3180
NQ53 EQSN 52U1 XSUX Q56G 9X0F M3TX P1M9 L3JB,200009621,18
NQ53 HQ7B 0JAH THLV M2BK L8YK AP47 AHTR GG8K,13527600000,1080
NQ53 M0TS PK3H L95S AKQ2 T23L 1CAF 56D1 KUL2,12489395473,1107
NQ53 MX0T 6U1C NF11 D3T9 1U3C A2RP PBCF YMX3,1400000000,117
NQ53 NMXM 8K8P RYMN MXQ9 UTHF RTRH 8JMD A4KE,806446518594,20160
NQ53 PCG1 0XDY FQGL DV6Q 8A8H 72UQ 8TKK YHHF,1000000015228,140000
NQ53 PCLY SAMG E27D 3P41 E3AN Y84J RQFU TMGT,58061264952,6997.5
NQ53 PSQL 0V82 JBLJ FAN9 95XX Q057 1YTG U08S,10000000000,750
NQ53 V3DX 64KG F9UY SY1G HGSU XHGC 1V84 8BK3,37512100000,3375
NQ54 3ERL XP78 4YSV 5972 VUJS Y9QJ 26L0 FNRM,467806260259,18712
NQ54 5567 3CU2 TXQ1 PNFQ F3CE HALC L6LA CA7E,72620000000,10050
NQ54 5JRS RLGM SS79 DFUL J473 9SHF 2AGE AD6E,49865175312,3735
NQ54 8QKL Q1QP A6CD DRNM 2YGQ GVCQ LVSB G4N4,32918916388,3948
NQ54 CHRC 4F9J 2B8U R3UK T7NX T3FS T34D 1B9Q,415385900000,37377
NQ54 EXJ5 2PSB VQKH 3UU2 PDHQ KR4A M1G4 QJ00,160531555380,12037.5
NQ54 KH01 B090 M5D0 KAEH 7CAG 0P2R DAJ1 F5PC,528834960538,21152
NQ54 KHQ9 TXEV LCUJ Q1BQ KUQG FPMA 7FN2 VL8L,60000020198,5400
NQ54 L41R 7NUF 3BG2 GK1N G5LH 6A18 LMCH J27L,86842290958,7812
NQ54 PR6Y H53S 0RMC X07G VN40 XV1R XEQ2 033D,40446242773,1616
NQ54 QUBQ 9JY0 V6X9 8VNH 629H K2D0 8Y22 A2R0,250744575,12
NQ54 TJ6Q YP3R HVEL ETFF G28H UVVS MD0X 7E02,209610008411,8384
NQ54 XVUA J614 2MM3 LMK8 YRVH GXED Y1H0 DCMH,7000419385,526
NQ54 Y64F EHSA QV7N B5Q0 L38G BHFY 4DU4 UR9A,6515100000,487.5
NQ55 38GJ B2RR 4UR0 MFTT NTNB SVF4 ATKT YJ94,32686604089,2934
NQ55 75RQ C3HY T61A 3N27 EKKC LVB7 KK8B UU5E,431235947294,36814.5
NQ55 HANS 6L54 KDXK M6XT Y630 UQTE GRYS HY61,49473429558,4428
NQ55 J8JH DX4X KHGU 6DNS D0MY XX4V F1BC 67CK,1000000000,54
NQ55 JENF 7K1R VBHS TPT2 YL1G 574C 3DRF TPQ5,20000000000,800
NQ55 L6UU 3U31 Q0YH 7SV0 6CU4 8HA2 YX10 87EK,201202958380,18108
NQ55 LU07 RELV NG57 JXT3 CKMA 737G JKYC 2XVV,7879454000000,90000
NQ55 NNBC 2NAJ GMLK P1VX Y8CS 5APP 420M 942G,117169629553,8782.5
NQ55 P1UC S682 YPP7 JJLV MRQ3 8FVK CDQJ L6UJ,61361600000,4597.5
NQ55 SGNF HESH 63VR H2XF Q86X K21A T5ML 6AEE,4139380330,303
NQ55 XBTM PFJE UB32 QQYJ 4R6T Q6LQ M9CT D37C,10396178247,412
NQ56 219C CSMC VKRE 5SNT FG8F JQGT 9KN7 SRFY,4550366167,337.5
NQ56 4FM8 0ECC 1QB5 67QK FP5N 7QA0 AHAS 9Q5L,1007447239,75
NQ56 9XQT 39T5 J5CG A467 HR2L GSL4 S2TY BKBD,162413890147,12180
NQ56 DJRU 4FDM FUH4 2QRM 953A 0HUN TDMJ KY90,426600000,32
NQ56 J5FJ CJ8H 5CY1 GFF3 7SYS F3RU DUCN 8647,4185831985,252
NQ56 L4DH J1FY TUVL VYTJ G7GR 867N D1P3 LBKQ,1330710000,97.5
NQ56 LG5S CP3Q UTCK MFMM ULKY PLLA GY27 XLTF,350000000,27
NQ56 M23P PTMH USG6 RJ8F S7EB 9C2C AQ3K SRK1,1154200000,44
NQ56 MTKN 7SDC P0U2 8LGQ 4HAK 0PCF FBH2 HFE6,10000000000,600
NQ56 TQBE N0EC HX84 771M 7T89 86R2 4JAT DR28,5569300027,437
NQ56 V7XB 27X0 RGV4 QF6L UQYC 1NJ1 SE4N REJY,1199999000000,80000
NQ57 2NFJ F3VU Y6YN V6NJ 8JAE S5PK XPCS 9U6T,2063074406,152
NQ57 G7G5 VJM0 V2VX RPT8 17PK TF46 7XCT PR0V,3052801541,180
NQ57 GM95 SNXC Y73L RGH6 4G2B 04AB LQVG XAQ5,3204345357,240
NQ57 GUQJ 16EF 16AJ 5SQV MVV1 XRB4 A4QL KLM8,1000000000000,80000
NQ57 JSN0 DNJ5 5KPP BB4H Q61S X256 6USF 3DK9,311003527058,27990
NQ57 MCV0 02AM TU1V 0BJF 0ADM XKPK CF26 SLMB,139579100000,11160
NQ57 MURH X2RG 2F69 MF1A BVRH 79B3 BF8P F2XU,100000800000,9000
NQ57 YPKM 1MN1 9TSG A2SE 5CG3 34DU JKLB XRAS,30000000000,2700
NQ58 3X2D B1B9 YQVX 49X8 U5SC E2AM U2MQ 0FF1,999999000000,79992
NQ58 A0TK EK61 K9M7 YTU6 8AYA 6XPR JUX0 LX00,282118775109,24265.5
NQ58 BE93 VJUB FVK7 FEPH 72CL 9NNU B868 L648,100000000000,8000
NQ58 EL6C G5TR SDDV YTRU 8U6H 81FP 1XS6 NU5V,877590099800,73975
NQ58 G8RH H2MA G6SR 2E6D RES7 MMP4 GTVT 59J0,45040499997,2800
NQ58 GD6T VQT4 UCFA T8E5 5GCT J7CB 4NAG 8BBV,50000000000,500
NQ58 LGDQ 9C6S AAEX 3GHR 2S4Y 62F6 S0HD VSGT,102594924718,7687.5
NQ58 M7BJ SBR7 KXS2 LGKD 7AEN 0NYM FCVQ 3KFG,102229765492,8176
NQ58 N4Q3 U8MS DT6K ENUF 283J P41T X37P AD91,3481774448,306
NQ58 NYJ8 QY9D 4PHV FDPT CESR FC8T FE63 XEG4,10000000000,900
NQ58 NYUD 7FN5 PQ1X 0VTX YVG3 7YHK 0GDY HHVC,213504299999,19206
NQ58 PBFQ F2RU AQTA BFJD 27SG 69V7 C4C1 UNK1,1000000000000,90000
NQ58 QT42 H8T5 VPUN KSFJ KCBX VU70 C60Y 09S7,898785508189,35948
NQ59 6HP5 RCNG LD60 SJJP VGHY Y1UT ANAY 8CG2,105440213000,9486
NQ59 7TPF PSCV AQHR 2EC4 VE53 UYM5 XXCY VEA4,500000000000,45000
NQ59 7TYR 4PKG KD34 MHEQ CMJS AHYU 5ABR CENE,39070021633,3334.5
NQ59 DX32 7MR9 U6YC 53TE 6925 XEXL VD24 8QS6,10000000000,400
NQ59 HF9D F5QC MN4T VFET PCT9 9SDL S5FA XN9S,100000000000,9000
NQ60 1MQF QSK1 MH87 F8J5 PBYD 8EXF 04KX F1C3,601000000,84
NQ60 3TQ8 9XXG EP0F EQQA 9358 SPBE D289 4NL1,1000000000,80
NQ60 5JK5 40D5 1G1N LFDP TKFM QTDB C8VG XS8L,1282024143830,45055
NQ60 9P81 P1F5 HN6L 591L JC5V C8X2 HGVS 3VYL,7035900000,630
NQ60 EGBY 744J 9D9G 4HLK F2A2 V276 K9BA 0BC7,10057817771,800
NQ60 KRGQ J6GU KA5D G4RH 6MEF 8DL0 J1M2 EXH1,137810000,6
NQ60 R5FU GQ23 9Y5N RJF3 4S9D K333 4NEQ H3RE,100094900000,9000
NQ60 YA35 31JT KR4T 0E9A D10U J2AA UJGM U4RG,25614105080,2304
NQ61 2JMP T9Y1 4S9K G1U6 LBFY BAYP G6U7 4513,14575926479,1296
NQ61 2PFB N9DT QLN2 EPHC B6Q5 0EGK MSTL U3SM,3838999029,304
NQ61 376Q NJ57 KE1V XRC9 VYJ5 F33R 4RRF MA18,8000000000000,90000
NQ61 6H6L 70K4 AK4D 0QSV FKYT FRXB JMNP YUSM,1614500000,144
NQ61 E38A JEMB F1SN X56X 5S4S 6YST 0LH0 D7BG,191218565,6
NQ61 G73D V2X7 HC1F 2Q5E ERCM 264C DJY4 TH95,101951000000,9171
NQ61 Q07L LFEH QRUR X6PV AHPL UUF8 TYND MJH7,301425005733,17047
NQ61 QYC3 C697 P6MM F37R REHY 3HMT BNS7 RLM1,21399700,0
NQ62 1FXJ YF63 5F9U R5YK S9NH TBUT 40B1 704Q,2437099912,141
NQ62 4PMH L60D NJHX LNYE ES8R C60V 59JG 3YYS,241941400000,18135
NQ62 5J1X 17R8 76DT 4NV6 1TSF BXS4 SHHC KLAC,23000000000,2070
NQ62 GD0Q 3EPF XYX2 KAQD 86X1 1PFU 7069 T4B0,1000000000000,80000
NQ62 GY7K V1RQ Y880 CR7H Y2H2 VMB9 DL0Y V3HP,14697569896,1305
NQ62 KQJY FGU6 AFNT GKK9 5D06 NGG0 SAP3 6F5R,999999000000,79992
NQ62 QUCG KB22 DSSM RBXC XMHH 3G2S XKR0 Q159,26090377773,2340
NQ62 R3U6 LDRH K4DS 7B2B 9ACT 7A0L TEG8 NDQC,10968000000,981
NQ63 D0VM XMCD MPTD EJSX 9K1N DYKJ 8YDF SL8K,3588200000,262.5
NQ63 FNDM VJX0 F4AM GLR8 AGQ4 S4UN 8KQ2 SUX4,101262488671,9108
NQ63 M77B P2R1 XP2Y LJKM MNEA UQJY 2NA1 5EST,8741304735,783
NQ63 QRPY JMS0 8100 5CDD E6Q3 A31M 91XB Q8RS,308000000000,23100
NQ63 RNPH MGK9 28LV QMV3 QYJ3 VY5R 5BA7 T6BU,21000000000,1792
NQ63 UXVP 564L SQR3 SSYB JV4K 0FNR K0NH BQH1,78076476144,7020
NQ63 V06U E7C3 B1VB HYPB GBGV 5CGR 6DJ4 RUU8,27635169202,1650
NQ63 X1DX DPVV QT5J B236 9BHA J0QB 4UBD H6S5,279258247000,24451.5
NQ64 16GA Q4S9 C689 HNM0 AS47 T3VY 0SJN K8CX,10126837479,404
NQ64 1LAS DRD3 XLED RP2Y HPYN 55R2 PY24 5LJC,45846599999,4122
NQ64 3F6F 38KC 3TDL TDFB 3S6A T3HB MBVH M5QN,165000000000,14850
NQ64 8FFU KDE0 X109 01N6 RKEL 0DXP GXSG H1GH,37126100000,1476
NQ64 8RAY LXK3 R8R9 1H4E 7VMK V6YR 75SF 0VMV,10019956799,396
NQ64 9SNB GAN7 95S8 DNLN XP6S ARD6 YXS1 EHGL,1240059251,108
NQ64 BFQN ASFP 2CU3 1K2S LR9H G5GS 7F2E KF6R,3159773496,434
NQ64 GEQL PN5Q DPVS 8CLF UBGK EN3H N39J 1U0G,50999600000,2308
NQ64 JM1M 734C SEDQ 983S JJCD EGC9 01R3 H5XH,100001114888,9000
NQ64 P65S 19Q0 3XVU EGXA DNUP MXVS GUUF E87Q,316079172,24
NQ64 YDFB C2HV YCKE V62X KPUA 09M3 NLS5 8MBF,26704620172,2002.5
NQ65 1QKT P3HA 15UT E8FR A2Y2 82YK 01UH DTD2,53239024,0
NQ65 393N LMGT 2RKF 1B7L 2K7J X647 RM2D 6N8S,466986671372,42021
NQ65 EU8J A02G FAG6 FK2F CRX0 FKR5 4GQ5 0912,167603228006,23450
NQ65 Q5QG J84U 1E7H GAFU 109G 2LDV NA2Y 50TJ,583063201611,48762
NQ65 QVVQ CSTL 231Q TUUJ GFR5 FBV7 U7FM 2PFF,403777863888,36333
NQ65 QXH6 A1R8 4808 8K87 7TR4 HGS7 A843 L2AS,39650720280,2970
NQ65 RKL7 KAQS P49X Y3T3 502F B1S4 88HL 9M2V,100000000000,9000
NQ66 0AE7 R69F M86N 9KNP 9KQ0 8JA4 B722 068Y,15139900000,1359
NQ66 1FXY EGHQ ML9G A73S PHB5 P0KQ MR81 YGR8,10453089880,936
NQ66 1S4P 0V9F H76E JMNG UNLF 1LT9 UF4P TBFJ,3440227879,136
NQ66 599V 3JP4 1HG6 CFJB VQGD CS3N CB11 GD6V,50000000000,4000
NQ66 5KMJ J8LB CFEL ELYK HG92 JBCS 3ETM QXFD,301213186588,23625
NQ66 7MHJ 28V5 6FJ1 RJ6T HGJK 7C4B 6PJA 49SA,9994000000,594
NQ66 8GB8 GFLC 916X RFYU 7JRK 3DXA DRAB 5D50,100000000000,9000
NQ66 G5CC SAQB 1XUF E565 1T3X LLFE 95T5 S4JR,6947500000,414
NQ66 ML7M 8PPS 0XFA YVYM 90RR PUET 3VQM 2DQA,16551377000,1228.5
NQ66 QGYU 5267 X8T0 BPJT MS9Y JCB2 LQXT M2AC,2625109999,208
NQ66 TF13 YAG7 7VB5 AN78 5ETH 1QV2 6C8U 3PRY,401180700000,30082.5
NQ66 U26T 9VPX HC29 J7F0 LPLM JH30 PPMU 6KNJ,37000000000,3330
NQ66 Y25R HHSS 6UXM LEJP EPDD U36L KT6L LY76,999999000000,79992
NQ67 2V16 J565 1Q60 DUM5 021E 9N5P PU03 KQDG,3915759314,292.5
NQ67 4474 YJAB VKS2 LJ32 PCX3 PCJ0 Q6XX DRU6,101010100000,9090
NQ67 A94V 3YR3 GQQ2 717T KR1J 1MVU 60JC 9E6L,94552947917,13230
NQ67 EB3C VMU7 TUL2 6DCQ TDUL P6X5 9CU8 L82T,100000100000,9000
NQ67 MP83 S876 CDBG 52D1 ERKQ UEA1 HY5D HK4E,28990008621,2312
NQ67 P54D U6MS G2C0 E5EP SM4L CQD1 MD6N 112P,1018038229400,90000
NQ67 T5LX MU0F 6F33 4KXN UJ85 YHCT 2XD7 HFAX,174999999745,13992
NQ67 X5H2 P2CX 4B7X UUD4 VH1X KH9M A4K9 US1C,61658479,0
NQ68 0FSL 40LK M1CR 7TKT 2M19 XNXB GD9N 9YMF,12600000000,1134
NQ68 3HG3 GKEN TX8Y 1TS4 N9F3 D20A ENT8 C97H,2897742309,252
NQ68 4V7T UTX7 4TR8 YA2X 61QK GLQ8 912R 5X10,10126000000,404
NQ68 5L7K E3HS T4F1 DFKJ 2THP RCHE L2G3 0R9T,22971924197,2061
NQ68 6DX2 QL21 0V26 9GTJ 63P9 4ED7 1B23 EUBY,1000000000000,90000
NQ68 CEQP AS37 VBL1 4307 T7XS CB41 4PLC PA25,20000000,0
NQ68 LA0E E0C8 K5QT X4FX R6PR BABD UBF6 9HHD,30673500000,2754
NQ68 SU84 BHEP US1G R20N H47V V4KT 8DEV VAJH,2574651128,225
NQ68 UY7L 0QEV 3CPC KV3J HDYF YFX3 2YBH 919L,98700399448,13818
NQ69 0N1R GM1B YJTH 9G8N 6SME 7LRR UMTM RDMV,1000000000,75
NQ69 1SAG Y6JR XYAL X8YP FUVV NY1V ENNR CGAU,204933525529,8196
NQ69 2GG8 34KD FYJ6 S2GQ CU9S PJQ4 HX62 FUA9,60825706870,4856
NQ69 2N8C 3YY2 SVED DDDF AU8J C9DA 6JQY C0CA,20010000,0
NQ69 3N7K YEMY 6C1S V6NK C4AP RV6D CJ08 XSXR,434960915800,34792
NQ69 4LLU 27CS PNYG J8QN 270R HR3N 1GM2 5FCR,100000000000,6000
NQ69 9A89 AH2K 4MHR RN3M R2A4 1QQM FXDY VH8D,100110454707,11011
NQ69 B8VV GKHV XHE0 7R13 VCLU XVF3 1DY6 JA2S,5088400000,200
NQ69 CR74 KGPR 4UAP GKK1 LSHA GB97 7MMM 20A4,45956091287,4131
NQ69 FJQ4 4KRC S5VS BSJP FDB6 7JJA KN7M V88P,319915268,2.5
NQ69 J29E 5XLM M1HE 7Q91 1Q9M A97V CUBQ MY1V,521000000,55
NQ69 KGV3 12GV Y1TB KPLA 4LCL Y4VB Y9BM R4FQ,996006734622,139440
NQ69 MEYM G7R6 5Q5T JY79 K4VQ 8B89 17AA 6HXG,11401865377,684
NQ69 MXB1 5PDS QMYH F21Y 1A54 N1F3 9VB1 QMPB,100820000000,13589
NQ69 PDDR TQY9 DY7B MF5Q 2CQS HXA7 N4CR KRUR,5100000000,382.5
NQ69 RKKG 4TRH 1K4F R8UR 22FU SQ2F DUSU RTG3,433490099999,28896
NQ69 Y214 NE3D 5BHR DSQ1 CEG2 Y41N T08L 2V7A,1000000000000,90000
NQ70 48R6 E0XF KUCU QXKY HKSK B32C HY4N 2EDE,279400276179,13653.5
NQ70 7N8T 0XFV EEFX GU9Q 981U B5PY 24AH 8R2N,15090000000,1350
NQ70 T0XG FTPR X49E CHEN 6JFD 202A EDMJ 0YPB,181394952,9
NQ70 UH2G P8XT C5EV J7K2 RJ34 E58X 5XC6 30YL,100000000020,9000
NQ70 XJ9L C88U RK5N 8FUH 440C 3MJ8 U4JL M34D,641211760,6
NQ71 50S4 TEHB P2FA SB0J S7JA Y7Y7 GYUP 8NC5,1000000000000,90000
NQ71 666E T6CE QJ5H 1UYY UH2N SSQE Y2BB XSHC,154301852,7.5
NQ71 9VN5 J793 9FL8 9VEA 6QCV 3TMF 2596 4V0U,33000000000,2475
NQ71 BFY4 8MND S0EQ T5VX 67B7 VL12 UVMG ES49,17578900000,1312.5
NQ71 HQ15 33G3 6GT8 Y5NX AJ7L RH40 KTKY XRXE,5907422308,442.5
NQ71 NC4J PUR1 12GM 65C0 RJ7F 971A FB2M 0APG,150000000000,10000
NQ71 QT6A RTYA YVB5 56CQ 6DRJ H98M VHNC 59EY,299282720586,26928
NQ72 0RVH ANCX Q5ML 7FXT AHAR E3LL 2CNH G2Q5,265200000,15
NQ72 2L1R 68VJ N1CE AP4A 1MYN GDFG Y3A0 S1H1,76781726345,6903
NQ72 4L5C D86X 4PGU AFGN U5G0 KUEK S86G G7BM,2028300000,150
NQ72 B9QE 30B5 JHU3 UN7M 71T7 T2S4 HPT0 567Q,36178179714,3249
NQ72 EKG6 1N62 FLDT V804 DR8K BXEJ 2FKF YUU3,4129427447,451
NQ72 G1GQ E8CM APA4 6JLF UQM0 NDDF R78J YSPP,999999000000,79992
NQ72 HDQ0 5EJ1 2061 AUQJ UPLB MBHN Q8YX UYQR,14597749817,595
NQ72 MDX2 SCYD S95G R2TJ BTKJ 4EKE 8GFG 1DD0,53098122066,4240
NQ72 S88H 60PD 3HPM GKT9 23J3 X2F4 SF51 HYYG,940058434,36
NQ72 SU2E ERGH FQL9 K9UD X72L 60YH FEA2 G5JE,1926585703,171
NQ72 VU86 PC5E GQYS FNQ8 KXX5 8JMM NR40 8J6U,200757700000,15052.5
NQ72 X3H3 FVYE LVXM J6VG 48P4 F5PV 8TTL M36F,1006126602810,90000
NQ72 XYFT DXPD 3KNM MP77 9UYX 4CRM GD11 6VC9,1030000000,130
NQ73 2S7K NAK2 F3HM CSS8 FD0U J83E F79J 8L7V,208213857,4
NQ73 AJVX 5AKM DLXL YVX0 5BCA YF2V CM3H D9T6,20200000000,2222
NQ73 EEGE PY6A 3VKB 6LAK 1A0D D8DA XAM2 N58B,154415000000,12352
NQ73 FV66 0BMC PT0M RJJ0 NJM8 7AG6 6X7V 9XYA,485830294233,38864
NQ73 JYNL 7URG YHG3 J81Y R7A6 UC02 YKVX YE9A,123735890683,9277.5
NQ73 KJSY 96UE 94JS U7YU TFUY CUFM S1EV RYXK,4925500000,294
NQ73 M7P3 RAA1 CPX8 M9S0 XL2S 4R07 EXTX C56J,50761500000,3042
NQ73 MMB0 5KVN PUM4 R875 68NY 2YSC 251X RKQT,10000000000,900
NQ73 NQSM D1T3 KKU2 2F5V 41X4 BRD7 VUB6 4XH5,7454905340,666
NQ73 NYF0 L7QS JR3H T4VG 0DQP F6M5 K8CL JG2K,10000000000,1400
NQ73 TAP6 1384 RULL PDA5 TNXK RRAS QLFK 7NF4,1738639478365,76599
NQ73 UDJU NMTX BK6S X11Y ESKR C8SN 47CC LY5H,1000100200000,139999
NQ73 UT03 XQRD AQ3G Q1JC 347Y VUUY YBP3 N7J8,192450233100,17316
NQ73 YSPP 74T1 0NS3 ETQK 50KM VJN6 1F6T T3C8,10000000000,1400
NQ74 C9KH 191S GSXS 62CU 6H8C UFF1 5U7J 01XX,196221200000,17658
NQ74 GB2N E7MK B4VY 4NAP U2DM 1DRC TUBH 4NUB,4500000000,112.5
NQ74 J0UF 4FP2 X0C0 CG1M 19MM 8MHL N2JF 4FK2,242503300000,11501
NQ75 59M6 YX0N 2SCQ MP2H TXXP P0DA YAKL LY8X,50000000000,4500
NQ75 5L9E 4313 5BAJ 1RFV SQ2A 4UKE FD3J BA1B,1000700000,40
NQ75 9FS2 YJSP VG79 VF5L 4XF1 PTS1 PYU9 J8FQ,51966991,0
NQ75 JVL6 0AVK 2KB8 MU29 ESRX EQHR 40MN PGTG,100000100000,7050
NQ75 KD48 YHJ3 R0H3 SN2H KV4B JE3E F6GU AKN1,1098900000,75
NQ75 RLPS H87B 9XPK LVR6 6S37 7PBG 7U7P CV20,100000000000,9000
NQ75 XARS DJJQ A4X6 MA88 VJFV PRNT FE5L 58YR,1580004018,37.5
NQ75 Y6HJ ML9G F3X1 RKH7 TS43 XDMV V8V5 CCV8,147986739650,16269
NQ76 0XEF U8V2 JHX7 7X81 RNH8 EMUV LJLS BJ2B,10000000000,400
NQ76 3UKC ANKT 7CMA EU3P H2J7 X9AB TM0R 60JE,504586596572,20180
NQ76 4HT6 JDJ1 DK02 FSD8 S4MA MN21 HYLA 9NHD,268112570715,24129
NQ76 7RVR R1UQ 56PQ 5C6V UHPN 2ULK 01XN PV4Q,10000000000,800
NQ76 8GEL XMLJ B03A RAP6 ACX5 JNG2 RL2G BR2N,45000000,0
NQ76 B3E7 YGNC 8FJE 8KP4 7SC1 3DJV 3RL5 HSM8,10487519064,832
NQ76 D5EN L38B P020 U6U7 3ASR AXYH DYQV F2J2,11460600000,956
NQ76 F973 FQC7 J3GJ XHY2 LF2S Y8D8 JPBR J7SL,19961849286,1492.5
NQ76 LE3L C8YG 3DX9 D7Q7 VQV5 43YE 40MY 57E7,4064163458,300
NQ76 NVT4 Y5EG 92JM XQNH 3LRX G408 3HLH UE3A,10500000000,630
NQ76 UC0B R0BA YVE8 YRFD YDH0 N95T XHGU 6AAS,115334486354,9224
NQ77 5SVU 383T 0UKP 4N7J QUF7 DTCG 9KYQ 1VT2,138292433599,10548
NQ77 FNP7 40CV MVS8 U4C1 J4KT 2AMH H36J YU1A,1502795666934,60000
NQ77 KDCN A50C 9G7L PYS0 JNDV 77FM 3FJT XR2S,52426786137,4716
NQ77 RUDR 1H0A MFLN S4HG HBQJ GS6S XVTA 2AYV,43861729,0
NQ77 XJUK DJ9B K3MX 4R9B H7S7 T3G7 4AM0 LDDK,49717539542,1628.5
NQ78 4XX8 XQ11 ME8V Y6EG 621N 4BL1 X2M4 QBFX,109579809000,9855
NQ78 72TT S115 R3XA DHV3 MY2V EG7X 4DTP NK0E,1000100258112,139999
NQ78 9RG7 34S4 B1VF H4AS 5TJG R6S1 MQ8U 913S,10000000,0
NQ78 AK0Q N7XS YBXU RYPT KYX1 FH62 A9CS AUJM,500000000,45
NQ78 EFUJ 3KCY QPG5 3K93 RYPP V6KQ 6XNR E0KJ,216117324880,12966
NQ78 JJRN 85TR JJUP 5HD9 MT5L PEHL 4595 Y84E,42041020078,3780
NQ78 JVEX 9ACM 53MV PQK3 E0QG RX74 EAN9 HCLM,999999000000,79992
NQ78 KKXG MTKF 4C2K 4BXV JFVS JUKX 0P1S LVHL,57521682499,5175
NQ78 KYJ5 8NH6 QE9K F057 KPSR 2CH0 DPEN 4FJ0,309839303666,27882
NQ78 PBLF 8772 MT7H 2Y49 0JHT 9UDT S5N0 8MRM,133588883000,12006
NQ79 1YH7 RNH0 J2GV KHQF K41F SQVD 30SP 43QC,3119847866,279
NQ79 28Y2 DCMV H2Y9 QDBE H9QA CD4J U087 AEUF,1000000000000,90000
NQ79 9C0A TL8G X3VY Y3RT T0S1 4JP4 NVFG 7BEC,75427579048,6786
NQ79 F37K 7DFY RHSJ M5QF D8TY X1LK PYL9 ERPQ,7777700000,693
NQ79 H26H KLST AHXB 2P3S B5ES 9PDQ RUBY 309B,254999999999,19117.5
NQ79 JG79 ULDD V45Q A5AK 2NHQ CMAV XNMP 3CNQ,126149300000,7566
NQ79 TSJG RE3M G2T5 HFU7 V7Y1 X2V0 MTQD 53KP,164350000,0
NQ79 U3KP 912N L0FN AHBT Q3MS HBCC T95B 5G0N,4500000000,360
NQ80 0VDG AE5E U36Q 7Q42 PNMC XJEL 70SQ D15V,110910021542,9856
NQ80 215K J1SJ UEXY 3M96 VKGX HFXA KU0T D4MT,10134764886,757.5
NQ80 4QDG CDSK 1PLK 1MCN 920H G2KD 6RS8 E8FY,15045644638,1350
NQ80 656M D0CV R7S3 ULEU NR1H 7D37 X8V1 H0RS,5555500000,495
NQ80 A46U 52G9 3TL7 7UXP 0RYV 7N59 62LL 1C3T,1000028192000,60000
NQ80 ATGY BYA6 A0X5 DN1K DFP3 9XQU RYY2 XTHC,78515099030,5880
NQ80 ENMD XNK8 XFUM TPB6 ER0J 9B7L ND8Y 5TK4,8000000000,1120
NQ80 FUGM BY7S DGCC LBRF 8HX0 T217 N01M SFNS,110206600000,4909
NQ80 HGJ7 64CC 1FGV F51M 2MXM 7QHS P6J9 BLMP,70484377811,4224
NQ80 N398 NPCQ TP02 PKB8 X3B3 DRHF A1UG NAKD,308333224,9
NQ80 N6MJ Y6QG MDH6 41F4 CKCG CBEA N34E UK02,45042043992,2700
NQ80 PACY HF6U 191K 9MEY D9KH KCMM NS36 063S,1787400000,161.5
NQ81 0MYR CG6E GXBB AD3B K7L7 FSTS CLDB TFEX,28000000000,3877.5
NQ81 2434 BT84 89Q1 EDY4 9J2R 7KEH PNEL 8CS1,1324721579399,90000
NQ81 2LXA 5DU5 6AL4 T16Q UVLU M6DG 23CY P15M,15000000000,1350
NQ81 6R75 T2FP CCD3 3V3Y 54MD JB3X KJH2 KPLK,51689626698,4644
NQ81 9NM2 VEPQ CC9Y AJ8Y 55M0 DTH2 D4NJ Q8GJ,10051500000,800
NQ81 L733 QDHE 90JB 06E6 0LJF FKVN GLBU UVVN,100100000,4
NQ81 Q6S4 H4FX XHSK 5U28 XYBY 82F9 SDSG 09Q8,402689802,27
NQ81 QFTC DKNB 7JCS X9K1 YYQH 16L8 MELD G2YN,999999000000,59994
NQ81 TMND H7K6 A06Q 6FCB VQ6A EK78 1FTE TQF2,101093807106,14140
NQ81 UHNG 8Y0J MKKL UN47 5C00 VH1X 20HP VL69,200000000000,28000
NQ82 0PYY 0HK9 AC9E 6LMD 5LQG K23E UF8U MG19,24764264386,1482
NQ82 1C1P 5N2U XV3H 8CPN 2TSG XP9L V7SR G6R0,63400000000,5706
NQ82 5V45 F36L VBMC K7QN LYHJ 5TY6 QGSH CGCD,148443362,0
NQ82 HEPE 3B81 BYAT GY08 TVS2 6D1S PHKN 2VHM,2969557893,261
NQ82 L4DN 16DY EXD8 9JFL TC0J RKY0 UCUB R0MH,23171432682,1848
NQ82 M6N8 329U VEKL 90L9 25CM 8DK0 BF2J 8PF5,205000100000,28150
NQ82 SP52 E87D YTFJ 6DM3 2KTA 7P53 3HT1 123K,49240916719,1476
NQ82 V1H8 0NK8 1725 CMF0 QJPY R4BK F38K 2AG9,3351548900,264
NQ82 YK23 N24F ETTR J950 7BRG F079 UD1C 01MH,1884690596998,80000
NQ83 23MG 2D0Q LBA5 9YTJ 8JSX 15KL 5XKP 7YNU,42920799998,3861
NQ83 2VXJ L8LF ANF7 61CS 5V6M RNAM MJEB 459X,95696078934,7648
NQ83 7JE3 K9X8 U4RM 16D9 933V 97MU JTSE K119,999999000000,79992
NQ83 A8EV 04K7 052S RS0U 7A6Y GGL5 C6ER 7YPP,163627111000,6544
NQ83 H1U2 4BQX TH5D 5U7S 062Q VJN0 XL39 FRM2,59356700000,5337
NQ83 HN4P MR3N USQS BFB1 1LPH AQPM KESN TH6Q,100000000000,9000
NQ83 L2FH CMQ7 5G1T G03X NXH0 529U 435C C0FL,575466320,40
NQ84 02B1 K9KF J4XE Q4ME 9MDC RGNH RV14 31YG,15921936270,1060
NQ84 2Q2H 4AUP EJ77 8M4X CUTG FJX7 0ASK HT8Q,10185991768,757.5
NQ84 4KL7 94RS 99JV HNY8 GULV XTLM T0K9 QK11,59065553223,5310
NQ84 5JPF 5FD5 0FMJ BQLN ELBB H9QY QU5H M8S1,10288410000,765
NQ84 6XAP CFP0 2LQD YBLE 75T6 H7V8 NQV0 E0LT,4033512821,160
NQ84 BPRY VCHV U9LF 2908 JTLM T7EH A86U 0823,10008100000,900
NQ84 CP77 9CYV 7UMN L008 C6UM LLHA B859 F7K9,201111867291,8044
NQ84 CUPV HGRX 6YUP LDS3 MA2S VFYX TUP8 3BFF,169159400000,6764
NQ84 EQML MJ5B 2CT7 08S5 8AK7 KL83 MUQP EMTY,345510142579,48370
NQ84 GC1K 8SLD V8TF L4TB 0MLH CAUC 8YGL CV2G,1970125246,152
NQ84 JUK4 S9Q1 X144 13HD JHCK PTQQ UFGS CQX4,189829500000,15184
NQ84 TRP4 YXKC P9E8 VSR4 DY0S JKLR 9XPJ TA00,328142218,7.5
NQ85 10VV KSXN H57Y VQYH RQ25 6V0G EC3A CFXD,10000000000,1400
NQ85 49F5 8SYA 4DRS M2Q2 ACA5 B9EH FTQF ME6N,30000257066,2700
NQ85 4V2N M0HP 778J URDS 5TX1 YRGU GJLH 7KM1,198766910000,14902.5
NQ85 5BK9 KA4Q K13V HS6R SDYC 43V8 AG3J 5RHM,103361764600,6192
NQ85 9BGJ RDHL 2LL5 M7ED 6N44 GC29 46B9 XF9E,102730586091,9243
NQ85 ACM1 6K7H 2C37 NUQD EQ07 QD7F 4CC5 FBQ5,355434088734,49756
NQ85 FUYD L6KA 2K3H 392Y M6A8 FH9T R3BV 3DBA,1000000000000,90000
NQ85 LPPG QBSS UFPC 4GM2 AMU4 GUMF DVX0 QDSX,800000000000,48000
NQ85 M3LB S478 CV5T 3QK4 BS5H 6G1G 5DQD 3PFA,428632207330,32145
NQ85 P2JB 6X2R 24PC 23C0 16T4 KLY4 45TN 54N7,101000000000,9081
NQ85 PPKH 5ABQ P7BL C9EL 0QYH KKYG DFFC 2Y40,1461636146265,90000
NQ85 PRJV 45VR BJMU UGLD PHXE QGUJ J1M4 SEYY,6787639168,402
NQ85 UQ3U Y45M BQEC DNEG 8K7N HDTY QMVL 4LYM,327500000,8
NQ85 VP60 6AUE 0A9N ARJ6 G0F0 NGCF LDDT PU30,125966891,8
NQ86 1N22 T6FQ VVSJ N661 VG81 G1AP 0S6E PBU1,1099999961785,80000
NQ86 2ALS KF10 J5XV 514A 22SQ D0P4 BB53 TYJG,5922200000,472
NQ86 33SM 2XR0 N7TH S53J VUPG T4LT 7BPT DL1L,3821600000,304
NQ86 38N9 YJJN TDRV EV6J GT0D XKYE AJ4Q 52PT,654834878,48
NQ86 3BBC 8SFQ NS7P 8B15 ALFH J5EN 61AG RDLH,1000000000000,80000
NQ86 B50H 00T3 63QJ TFXK SAVQ VXCF KDAH KK5F,2998283535,102
NQ86 BBYU 4XQM 9C0F MGY3 6F8N 2FJL FKPH TSST,3006900000,225
NQ86 EKHQ M6JU CEE7 DAYD K15E 04EL DB3U TCVX,10000000000,891
NQ86 NJHM BCH9 CDH0 U1ST N3BJ C286 FGEN CGQQ,372194467,12
NQ86 XTCU M6SE H6RB AB7V XVGS 0NY3 M1TD RDGG,156980215532,14121
NQ87 2ET5 R76C MHHL GHC1 MHGT JL3Y 665F NPQQ,200200000,8
NQ87 2SR4 VY9K P504 MMDH 9CBS VT95 1T4G BGVX,509424061156,40752
NQ87 645N XNVB KLPF K0A1 S4BU UN0J 07Y2 HHU1,100098263302,8000
NQ87 EMJH T6L7 U97P QMRP E20A U5FA Q3X9 4ML0,33133852635,1324
NQ87 GTK9 531N DDEH JX8V N75U LN0V 83J7 8XPQ,20952368783,1881
NQ87 MMQF BLU2 FAB4 UADR 9KVE 09LV 8HM1 FJYB,563379498371,33798
NQ88 252E 7LDF PXAJ 0DGF HMX0 9XV6 8H7J 91JN,72075710000,5400
NQ88 2LMV 1810 NDBQ P85C ED8P AAVN YV5G 3XBA,856012690,35
NQ88 AR10 0VGU 0M39 12KN GCPX U3M6 41R6 225M,502582894006,45225
NQ88 BEVC U5JS 2NRJ 55F8 5J3S 5YVB Q25X 55L6,461183395,21.5
NQ88 FJ13 3FAH DCML HVQL HKGH 9C8C JS4Q L07G,100000000,7.5
NQ88 GUDU KJBC 3H94 901R RGUB BYQR 7DEJ NPKY,9500000000,570
NQ88 HH4S PGK8 YL81 NA9V PEEU PHES DPHJ G1UN,1000000000000,90000
NQ88 JXU8 0CTK 2KNR HG13 SH9F QCFK SGH5 2FMX,4754480483,352.5
NQ88 QFRG 7UAN F6MH P0YM PBS8 7VVV 7UTT FM83,300099971979,27000
NQ88 R1TY NJL7 3JAC AGGX 84Q5 RDND F2DQ B2DA,407694000,22.5
NQ88 SQ2Q PXM7 F4AP FHFU 3U01 TKM5 MKG7 NCEG,1000000000000,90000
NQ88 VHKF 39HD RJCK 4GEE D1Q2 JKCL 4YLM TDTP,50277597008,4518
NQ89 0H6J G7HS G999 PDPQ 5M1U 153G 66FF 8UXH,119500000000,8955
NQ89 DSBN DXER DQ3R 0JSF MDM3 JU4V JLG0 5J9J,8399658251,747
NQ89 DY0Y S57B GKLY H378 9CHL 7438 YRAP N4Y4,1000000016791,90000
NQ89 LH74 S2EM 0JEY BKPE HB6U PVVE JGEL 91NA,1000000000000,90000
NQ89 V8X8 YBCG 1M4L NVP9 H6JF 5RBQ APK3 CKMJ,8085000000,640
NQ89 YYB6 P0U6 G9QL BARP NV0K HSR9 LX00 KNHN,1000000000000,80000
NQ90 31VV KTAX GMQ5 E1TN EBQ6 REFE VD6P 4AKD,279330000,12
NQ90 471P NS2B F1MV H0P7 JD5S HD48 N3BP LKCR,14906600000,1117.5
NQ90 7F38 7P37 J7D3 9J3S T5SJ Y96S 1JLA CVFU,13355622349,1056
NQ90 CJ75 62HU 8EUV 1BCE 7TP8 LN8F UKPF RGAB,15183930724,1359
NQ90 EMMQ 8L7D 21A8 0BXJ 2YTP S512 JP1R EFP5,12811768484,320
NQ90 FPSA DMVG 4X4M S65T TXV8 52EF 9SV5 SEBU,587129065424,52839
NQ90 JTNP EKD2 J8XD YPK4 AN66 H5KM 2J77 CPC6,185873600000,16722
NQ90 LVL3 C42J KK1Q DTNN M089 NS0Y 670T NEQA,123533500000,7410
NQ90 RQ56 PXKX 2U5N Y02C 5Q5G M26V AL7L 3VAD,50000004710,2496
NQ90 U15S KFCK 9FQE X47C N11U HQ3A K9HB 45MY,2200000000,88
NQ91 2N41 UJJV KPTD GU6M 6HV1 E1AL M5M4 D4EC,1000000000,60
NQ91 34P1 SU5U HJ40 D1VY 7SAU 0J2L KJ36 PSU3,100000000000,9000
NQ91 6U85 VDQ7 TLAU 8AC7 70X0 2FXM P1AC AA9A,2460255383,92
NQ91 9V5N HRYD TP8L SFVA 3D5Q D8SD NLGK V7EG,130772100000,7842
NQ91 C8RT L098 6MQ6 VEYJ EN9X R192 NEC5 7S2H,2320000000000,90000
NQ91 H0GV YC1B HUB9 HJ46 VV7R 6GS7 BN5F B7L4,108299231581,1082
NQ91 HVHQ QBXJ LV7S RHGQ 1H4K KBG5 3L7U LB96,616778099681,55503
NQ91 M6T9 D3X7 LCQS GUUM C2S4 PBDJ 2UUE 2R0Q,1000000000000,80000
NQ91 YVP8 F5QF JKG6 XUK8 2XXL RDBS YQFQ 7QK4,10006838726,750
NQ92 2RJ2 HNKB FF8K HVCU G17U 7NRE N1J7 Y47R,555421404488,30808
NQ92 5MCX BDKQ 14JB FL5F 46TK A5SX VBSK VTLT,26008400000,2340
NQ92 5VLD 7DEN C5SV NS6T UKPS PUK5 U2UR NL1F,2000000000,150
NQ92 6FF3 A8QA 614N S3N3 B0GH 183N L8PX ADXT,12706000000,952.5
NQ92 6T0M LE5E 0VTJ 82D1 41SQ GDX4 EC67 L843,37911600000,3032
NQ92 BDSD 7VXA U4R6 SY7V SR7T URVT CQR1 9D24,57386201622,5157
NQ92 HTFE YHK4 AVJN 3ES8 3MB6 693G HH84 S1M3,200784300000,18063
NQ92 L86P 715L 0GCJ ADU9 3GL6 HCB1 JNL0 8PRB,6644800000,495
NQ92 MF8G EC9V PY26 GTGX 4YV5 4JF8 YTPB CBYM,215533935151,19395
NQ92 NA61 TXXQ RF5B M3JL BR3C XJ93 XTKD KQQE,21950199702,1642.5
NQ92 U6CR P2BT J56Y U64J MRVF JVM1 FYS2 UUH4,1865800000,98
NQ92 UNQJ AAR4 PJML 41RA CA6K XV5L QLMU 2RC5,20000000000,800
NQ93 02SR HB0D 04CH 30PB RMV9 S5AD VMVK L2SF,16500000000,990
NQ93 1VXV 291C 810J 4EGY V4DR 25GP 6NQC 3PRG,790270160390,71118
NQ93 3RHQ LH59 MKNR T71M CS8J 1A0N ABEC G1HJ,495233270698,44568
NQ93 6PK1 F4YS J65T 7M8E QGSJ EP94 09BC BK9Q,100000000000,6000
NQ93 74LG 5U9Q T8P9 CV5F Y8G0 V7FU 2K67 2P70,204250374979,18378
NQ93 7B8N ANPH UT8Q SPTH GLK7 A3NG QP4N 5XY9,336317769600,30267
NQ93 7V22 G9NA LME8 P4CC FDAP AKM4 QSSR 15EY,100000000000,9000
NQ93 BENS RST8 S0MQ 7BRG C96Y MC7B F3B7 XD1L,198995273047,19788
NQ93 EDTC HDUP L7BJ 7S8P AV4H M3EX TFMJ 10AS,163692831690,9816
NQ93 GDR6 4C6S 4422 9AQV 473N XKTV K5EL 8X87,99999900000,4496
NQ93 J2PR KY1C L8KA NKK9 KQ2G LH2X ULQ8 T784,100000000,6
NQ93 NKTG NM1J 0QK9 2GFE T0Y0 H4J1 YU1P G4KX,200000000,9
NQ93 UJN6 5DMX DUXC AD2F 838S QRTX FTHQ 84E1,205965600000,18531
NQ93 VAAR 4S40 N75L G9XH 43C7 JAB7 N1AG SFK7,48115616527,3100
NQ93 X6A4 UMU9 1JRA KSCN 6C8U 4CEP CV32 CY4Q,100000000,14
NQ94 1N1N RHL8 3S8K J42A 0FDA PV6B PF4D C652,3957136040,328.5
NQ94 3UF9 EV21 4399 6CM2 XLDQ P27B GQ3G VCCP,11022513001,990
NQ94 9B6Q 1KUM 5AR9 GXK8 696K PMQL UFPP 07AY,100000600000,9000
NQ94 A5M0 435U C2AL AGV5 JLPL GAKR 5NQL F2SL,360300000,27
NQ94 B68Q S4DC GAR4 P019 RDKV RVPP V48G 08Y5,44989400000,4032
NQ94 LUE2 R4N7 AR4V SCCV HVBA GTM2 5UKD 620S,991000000000,89190
NQ94 N0HC MF9K QACM K0EN 2S6M LFD4 UBK1 AX6L,373134300000,33579
NQ94 P9J9 RHQL Q0BY PL0R TB9H L9RG AE2P X600,634975775677,57141
NQ94 PK29 FHLK 319S KHQK 6749 HLJG V4UA 7UT2,2172074013913,90000
NQ94 S462 55PF QKQ9 0PLQ 04GE GUEV 5QBC 1UT5,20000000000,1800
NQ94 UDH5 D0N4 08Q0 PAL6 PT1T AJ4V V80M Q4MR,25384702032,2277
NQ95 0GFA TU69 V6PM 06SU FEGE GHPP 68Y3 S25M,68484308709,6156
NQ95 2MAD 5UKD 3EVY UXMA EKX7 PJVM TSHC NQE0,12486079538,1116
NQ95 54FH C2QR M904 CFEJ V5X4 X00F 674D XLD3,299229028603,17952
NQ95 94MJ PUSJ 5PJ9 0RAF PCE7 X21Y LUUN EHBD,111524200000,10035
NQ95 A6BB TXGD 2RB6 VHEV YF4D 5X4A DP4E EJY8,317789197920,28593
NQ95 ARS6 C77H DUKJ R402 YRPB LHYJ HCBE TVE3,1230900000,108
NQ95 FYUP 7JFK FNPR 8TTN E102 8BL8 5L3B U560,1180586803,82.5
NQ95 GU5G D539 9TE6 CSV9 D8PY SMU2 DT91 SCTH,30075500000,2700
NQ95 JU5J 10HT QU8Q 51JB MGXF HFPC 4QX1 FLNU,82983000000,7461
NQ95 M8US B9HR N15R G27H K7UU 7K07 2YQX E2UR,51708400000,3877.5
NQ95 NPMQ 842R KL1Q A506 7N1C NEG7 JMFJ DCB4,234307218985,9372
NQ95 QT05 2VDC RQE6 4V4F 6CJH CJU5 QGHL 6S84,1455446861,105
NQ95 SXFD LJN9 9DFM 7G4X 22K4 R432 2GGY 6K5G,103470653077,4132
NQ95 U1JU 735F 1ER8 AGDA HRVD 69YS JQ8C 1ATM,100005908540,4000
NQ95 VAR4 F5F3 SREP 673M J3XU 24VL NQGG Y352,76089883955,4560
NQ95 XCD8 9YCS 5HRM 4CMT KR7U 8K9T S2S0 CQ4M,456384216933,18252
NQ95 XQA9 UXY6 U7VN CQV5 2EEM L9A3 N001 UQ43,49742839606,3727.5
NQ95 XX9U F3E1 RRKJ 283E B21K UL3A 6SXP L5SN,91733061122,12838
NQ96 4FRR RGH4 D5R2 FJ28 MAKJ XPA2 TQU6 2U2R,27299631000,1632
NQ96 53XH 7V2V C1E0 88B8 UPEK KFRM D924 BNA0,55217479641,3652.5
NQ96 DLTP 9N1V AS8D FTDL VRU8 J9D7 1JUM DFM7,5050000000,125
NQ96 E1KX L6KA TDM5 RQFG FLUL ULSP 9C7Y 1QG2,10000000000,800
NQ96 EP56 Y8SK 2EY0 5S3M S66S 5J7P V2HD AJSS,122930668414,11061
NQ96 FV9F M58E 8PAN A4PK QNTT 6UFU 29T1 P8CH,4000000000,320
NQ96 L3PS YSBY DGYL B7L0 7NJ7 1338 XBV7 3YJS,100000900000,9000
NQ96 NYFX GRVU KVQK BQNL 9E4C 4G23 QMJM S0U2,1302548305,52
NQ96 PBU6 VDKE LTLC 7XN1 YQTE BL40 5UFA DCQ2,121080439820,7260
NQ96 SYH8 N0R0 NR1R KJDX HXXP 8HA3 BY9L MENF,25593500000,2295
NQ96 U1CL 9HH1 NM9L LRS8 GH7P ABY8 34TG QKLR,523400000,22.5
NQ97 2LLV JE1B AYXQ 9U86 H0L3 PB09 VNDF P59G,43969985732,2634
NQ97 3VFP 9SAA XNNX QL7K R0HV N7X2 V7FT 2QVN,13792980752,1027.5
NQ97 5NF7 9MXT KPEU R6AU 831S GMPN GLDQ 1GSA,4550716438,267.5
NQ97 7X9Y 0FQA ST1X 4VHL NVKC HUUQ PQTG DP68,360117531,42
NQ97 C3FR 9QBD ADR0 KDT3 ADLP JGV3 HQ0Q CMD1,879513216870,122182
NQ97 FJ9R 04ME C8J3 FU83 Y673 43Y8 V0JM GXV3,10157600000,757.5
NQ97 G7F9 U3VB 88BM 372J XYQ0 JYGL 5AVL PPA1,2062700000,80
NQ97 NV7R N7NF 16UG MBL0 68AA BVK2 K38F 9VE3,10000953237,1400
NQ97 NYVK 6663 QBV5 0YJT NFYR HPXF BAXU S4UT,1411492971210,90000
NQ97 RLR4 S8U1 3J4A 296R NJE6 SJ0A 1UNQ FA5K,76051479453,5470
NQ97 RXFQ BXYP 0UC7 YKE0 G2A8 NEQ1 QVMR 35QH,209482137,8
NQ97 VLJ5 PJBA NU3E CCQ4 KFA8 SPKJ MX9T A8K2,481404945074,43326
NQ97 Y2BR EQSM 6JY5 KT7L 4A60 7X45 9KS6 484Y,4901971497,294
NQ98 244R 0ERN GYR0 HCA2 8MA6 VTM9 6P27 UUHB,179272100000,16128
NQ98 CGCK RD44 5D44 JLDU CVA8 AJGQ PUPV LJMR,4072847803,240
NQ98 DSAL K57X 59PF TF7S MR01 RB54 0ATM YJHV,20000000000,1800
NQ98 E7AC BY3A MAAB XR9D NTLS VDVK DH2J G6L6,204677353868,18414
NQ98 FFBD 6Y8Q 859Q KYLG GREX ARQB MK9X GNYB,50000000000,6000
NQ98 HAPF FQAV G40T 6NKT 4J0N XR4T 8M8X JQSF,256772531277,23103
NQ98 KBDG XMU8 2V3F 8XGV M2G7 QP3B JTJU LF9L,6565900000,576
NQ98 N1PP LAU9 2G0P J45V E7AR 5JDF D9HY 4RXE,23018200000,2070
NQ98 NN22 5EB2 N105 V9Y7 8930 3VT6 RH28 FVM1,45345490903,4077
NQ98 UPAM TQXF NGV1 402U Y435 LSEP 8LE7 9YGD,4848500000,360
NQ98 V57T 0P8S YPJN XA7Y R5T7 CR24 V6AV M4JL,100000000000,8000
